id,Address
1,3 Canary Avenue
2,3218 Arrowood Plaza
3,816 8th Crossing
4,74984 Onsgard Junction
5,52200 Lillian Parkway
6,3330 Darwin Crossing
7,56 Loftsgordon Parkway
8,6 Oneill Hill
9,48 Superior Drive
10,9105 Superior Lane
11,530 Muir Alley
12,3 Clemons Pass
13,967 Arapahoe Lane
14,93429 Corry Center
15,9471 Tomscot Pass
16,6 Milwaukee Avenue
17,64 Fallview Junction
18,47591 Pine View Point
19,2337 Grayhawk Circle
20,997 Columbus Road
21,414 Superior Drive
22,93 Glacier Hill Place
23,48319 Amoth Street
24,41 Novick Drive
25,7 Miller Way
26,285 Lawn Court
27,348 Tennessee Street
28,8 Declaration Place
29,339 Merchant Alley
30,307 Lotheville Pass
31,53404 Killdeer Point
32,14523 Corben Hill
33,9 Hermina Crossing
34,565 Chive Terrace
35,7 Reindahl Hill
36,2616 Golf View Alley
37,21964 Pepper Wood Avenue
38,1343 Mendota Crossing
39,2897 Lien Trail
40,81961 Prairieview Lane
41,10 Armistice Junction
42,844 Westridge Place
43,6665 Nobel Street
44,559 Trailsway Hill
45,5391 Pawling Avenue
46,142 Emmet Park
47,13 Luster Point
48,731 Maryland Court
49,163 Vernon Alley
50,115 Acker Crossing
51,59515 Goodland Drive
52,13 Merry Center
53,040 Montana Circle
54,4 Mallory Drive
55,403 Crescent Oaks Point
56,7 Loftsgordon Lane
57,6 Laurel Place
58,61406 Jay Place
59,0 Erie Way
60,3 Village Parkway
61,55594 Straubel Terrace
62,94 Mandrake Terrace
63,1378 Main Way
64,9792 Rieder Junction
65,08622 Evergreen Plaza
66,9 Harbort Terrace
67,29 Waxwing Circle
68,522 Northridge Court
69,979 Little Fleur Lane
70,1653 Quincy Alley
71,20 Vera Park
72,07510 Main Center
73,31 4th Circle
74,12 Old Gate Point
75,8 Green Terrace
76,228 Acker Street
77,8 Stone Corner Plaza
78,56899 Hoepker Court
79,49 Hovde Way
80,7393 Fallview Parkway
81,8 Lake View Park
82,1581 Pierstorff Avenue
83,38647 Lakeland Junction
84,8 John Wall Park
85,8 Prairie Rose Place
86,9 Lyons Terrace
87,6 Sloan Terrace
88,56950 Sloan Lane
89,45952 Butternut Pass
90,20 Russell Terrace
91,27 Clove Circle
92,10 Elka Point
93,04 West Pass
94,50 Sloan Alley
95,0 Alpine Place
96,06005 Gina Road
97,16582 Kingsford Park
98,4529 North Pass
99,3 Claremont Trail
100,11 Sundown Trail
101,9 Haas Parkway
102,972 Texas Parkway
103,91 Sundown Hill
104,2 Lakewood Plaza
105,8876 Hauk Hill
106,692 Schlimgen Trail
107,8552 Meadow Ridge Crossing
108,33 Sheridan Parkway
109,5 Del Sol Hill
110,0 Rusk Way
111,8 Pond Street
112,727 Erie Pass
113,545 Eagle Crest Park
114,60409 Melby Junction
115,59 Oneill Road
116,49146 Bultman Plaza
117,981 Beilfuss Avenue
118,837 Ohio Circle
119,4 Mayer Avenue
120,199 Sage Drive
121,73 Sullivan Road
122,4894 Eagan Way
123,1012 Doe Crossing Street
124,3 Sheridan Terrace
125,868 Roth Drive
126,9 Lighthouse Bay Road
127,9 Harper Trail
128,7432 Jenifer Junction
129,6433 Crest Line Hill
130,27 Sheridan Lane
131,06 Tony Avenue
132,25 Clarendon Center
133,650 Hintze Avenue
134,2 Tennyson Circle
135,70 Park Meadow Terrace
136,22 Cody Plaza
137,7359 Del Sol Alley
138,313 Manufacturers Pass
139,3687 Fulton Center
140,1 Northridge Lane
141,3934 Grayhawk Hill
142,1 Schmedeman Crossing
143,3 Bowman Pass
144,77 Toban Plaza
145,8301 Burrows Street
146,459 Colorado Place
147,7 Buhler Hill
148,003 Mariners Cove Court
149,83 Killdeer Circle
150,3358 American Ash Parkway
151,30 Moland Point
152,71 Eastlawn Court
153,5 Mayfield Alley
154,05 Cherokee Center
155,56134 Lake View Road
156,6 Karstens Plaza
157,4708 Vera Point
158,0 Village Crossing
159,92 Commercial Point
160,9 Sheridan Center
161,1672 Sugar Terrace
162,4374 John Wall Avenue
163,944 Darwin Point
164,4925 Cherokee Street
165,4952 Iowa Terrace
166,8496 Nobel Trail
167,277 Banding Trail
168,462 Fremont Junction
169,07 Bashford Point
170,7748 Summerview Alley
171,1 Meadow Vale Parkway
172,3 Scoville Junction
173,839 Dakota Point
174,81 Havey Place
175,6632 Thackeray Point
176,63 Ruskin Crossing
177,6 Bashford Hill
178,55827 Huxley Place
179,27704 Spenser Alley
180,539 Colorado Crossing
181,7 Novick Pass
182,50389 Vidon Street
183,0579 Orin Park
184,742 Granby Terrace
185,51 Petterle Crossing
186,266 Talisman Point
187,704 Scott Court
188,61293 Grim Plaza
189,754 Towne Street
190,19466 Di Loreto Parkway
191,1 Mandrake Point
192,8 Parkside Crossing
193,5 Continental Park
194,92616 Butternut Hill
195,653 Redwing Park
196,54 John Wall Way
197,3 Fuller Way
198,15 Farmco Park
199,39940 Mesta Hill
200,2 Scoville Terrace
201,35101 Waxwing Park
202,8 Crownhardt Center
203,027 Sachs Point
204,1 Fuller Center
205,3578 Swallow Place
206,794 Eagan Place
207,9 5th Street
208,3 Fieldstone Plaza
209,597 Scott Way
210,18 Oak Lane
211,5984 Trailsway Street
212,52902 Pawling Road
213,5 Schurz Way
214,44891 Judy Drive
215,175 Northport Plaza
216,69828 Heath Drive
217,86 Novick Drive
218,62334 Pawling Avenue
219,8061 Harper Center
220,8740 Sachs Road
221,8691 Warbler Pass
222,43 Cascade Court
223,89 Crest Line Avenue
224,43 Oak Valley Park
225,4 Towne Junction
226,662 Milwaukee Point
227,87 Monterey Crossing
228,63944 Pierstorff Alley
229,9 Eagan Drive
230,6210 Calypso Junction
231,74363 Garrison Hill
232,09047 Sutherland Parkway
233,466 Banding Park
234,3 Bluejay Center
235,161 Moland Parkway
236,65 Mariners Cove Road
237,80569 Golf View Pass
238,32 Stephen Plaza
239,80 5th Hill
240,132 Springview Terrace
241,3591 Pawling Point
242,546 Loomis Junction
243,1 Mesta Park
244,0 Farwell Center
245,94 Crowley Pass
246,186 Dottie Avenue
247,7778 Corscot Junction
248,56525 Alpine Circle
249,88 Northview Place
250,76 Mccormick Road
251,374 Crest Line Court
252,6 Jana Way
253,47803 Claremont Road
254,8885 Division Avenue
255,0898 Eggendart Pass
256,097 Morningstar Trail
257,432 Anderson Place
258,44071 Calypso Center
259,141 Lakewood Junction
260,588 Weeping Birch Circle
261,58246 Westerfield Court
262,76 Truax Pass
263,7057 Bellgrove Court
264,6 Oakridge Lane
265,7 Pepper Wood Parkway
266,516 Twin Pines Terrace
267,5 South Lane
268,3 Lakeland Junction
269,08232 Old Shore Place
270,177 Vernon Park
271,866 Mendota Lane
272,4 Valley Edge Avenue
273,8 Di Loreto Pass
274,43868 Main Place
275,879 Hanson Court
276,873 Browning Hill
277,4 Pawling Lane
278,629 Logan Alley
279,0857 Menomonie Hill
280,4845 Karstens Road
281,920 Ohio Avenue
282,898 Milwaukee Way
283,79172 Melvin Circle
284,1 8th Circle
285,86493 Butterfield Court
286,0 Sutteridge Street
287,992 Lakeland Alley
288,64917 Truax Lane
289,23153 Blue Bill Park Plaza
290,1096 Roxbury Alley
291,125 Del Sol Center
292,2217 Sloan Hill
293,5461 Boyd Parkway
294,446 Heath Junction
295,76947 Marquette Way
296,707 Pearson Parkway
297,0595 Riverside Place
298,805 Bartelt Way
299,4910 Barnett Drive
300,75460 Crownhardt Circle
301,56324 Heffernan Alley
302,9623 Laurel Place
303,3867 Parkside Trail
304,2324 Aberg Pass
305,433 Lien Crossing
306,2229 Ryan Street
307,485 Lakewood Center
308,5864 Clemons Point
309,11 West Circle
310,04309 Judy Hill
311,035 Hintze Hill
312,1477 Gateway Alley
313,262 Logan Street
314,56 Atwood Circle
315,77973 Helena Terrace
316,73047 Mitchell Pass
317,383 Longview Way
318,8286 Waubesa Street
319,8635 Leroy Trail
320,75344 Vahlen Street
321,804 Green Crossing
322,05 Rusk Drive
323,14 Del Mar Court
324,2 Mayfield Hill
325,61 Oakridge Plaza
326,11 Ilene Lane
327,440 Helena Trail
328,5731 Oak Alley
329,98 Swallow Parkway
330,5 Green Ridge Center
331,19 Utah Plaza
332,60 Grover Point
333,9356 Lawn Circle
334,8284 Mitchell Hill
335,809 Transport Street
336,22 Towne Road
337,14 Carioca Park
338,33 Brickson Park Hill
339,00 Manley Point
340,0 Dunning Plaza
341,9097 Pearson Drive
342,8371 Chinook Avenue
343,2660 Bowman Point
344,9 Mcbride Terrace
345,292 Sheridan Road
346,18654 Haas Court
347,27 Lakewood Gardens Way
348,545 Pawling Park
349,0 Pankratz Circle
350,7 Bunker Hill Court
351,3371 Nelson Place
352,345 Hagan Road
353,4 Blaine Hill
354,53 Butternut Avenue
355,496 Londonderry Pass
356,538 Waxwing Point
357,51132 Ronald Regan Alley
358,28 Logan Crossing
359,23421 Main Hill
360,23 Lindbergh Alley
361,78138 Scott Park
362,45 Village Green Plaza
363,7 Tony Pass
364,9687 Kim Avenue
365,9630 Portage Place
366,96755 Grim Street
367,7997 Summer Ridge Alley
368,8 Daystar Center
369,04692 North Crossing
370,8460 Summerview Avenue
371,4734 Petterle Parkway
372,56 Bowman Road
373,5 Hanson Crossing
374,9748 Susan Crossing
375,87863 American Ash Junction
376,7662 Mcguire Place
377,6 Mockingbird Circle
378,36 Summit Pass
379,63 Sommers Hill
380,79000 Crowley Court
381,45 Forster Crossing
382,9 Knutson Pass
383,1 Canary Park
384,7 Sundown Road
385,57085 Hovde Way
386,2879 Hoard Court
387,6045 Continental Pass
388,6 Londonderry Road
389,04883 Summer Ridge Park
390,21 Briar Crest Trail
391,373 Hallows Parkway
392,7723 Hansons Crossing
393,93 Village Green Crossing
394,76834 Hermina Place
395,5 Orin Trail
396,998 Schiller Road
397,10 Schiller Circle
398,6 Grayhawk Lane
399,7 Browning Avenue
400,9118 Hallows Street
401,179 Kinsman Avenue
402,9 Ridgeway Drive
403,74568 Debs Avenue
404,4 Carberry Junction
405,01 Ridge Oak Terrace
406,074 Talmadge Point
407,54 Lawn Junction
408,27 Debs Center
409,42 Sundown Terrace
410,0706 Darwin Center
411,6432 Kedzie Avenue
412,50681 Lillian Terrace
413,1660 Messerschmidt Lane
414,36 Manufacturers Court
415,43181 Clarendon Street
416,77 Rusk Road
417,507 Warrior Circle
418,9956 Moland Plaza
419,4 Kenwood Park
420,9604 Loeprich Terrace
421,738 Hovde Pass
422,9 Pankratz Way
423,42 Arkansas Lane
424,7 Westend Park
425,34 Graedel Point
426,6223 Canary Court
427,25 Lunder Street
428,5850 Rowland Terrace
429,7 Bonner Road
430,47753 Village Green Avenue
431,82 Kenwood Junction
432,1382 Pond Street
433,2193 Nova Point
434,05 Debs Plaza
435,9 Pierstorff Plaza
436,48594 Meadow Vale Hill
437,03 Daystar Way
438,84 4th Junction
439,7 Bayside Trail
440,34 Hoffman Avenue
441,0 Mitchell Parkway
442,6 Fisk Pass
443,86897 Dexter Street
444,5 Debra Place
445,5 Jenifer Lane
446,88 Becker Parkway
447,89 Crest Line Way
448,630 Continental Crossing
449,4 Bayside Parkway
450,6 Gerald Avenue
451,653 East Terrace
452,84 Butterfield Court
453,3490 Meadow Vale Drive
454,73 Stephen Way
455,27609 Tony Pass
456,4645 Stone Corner Place
457,3108 Kropf Crossing
458,00 Southridge Pass
459,04 Kennedy Place
460,47 Eastwood Hill
461,1 Evergreen Way
462,77 Prentice Road
463,87073 Algoma Parkway
464,04109 Oriole Alley
465,1 Sundown Street
466,71780 Holy Cross Avenue
467,84416 Miller Crossing
468,37 Green Trail
469,15 Hoard Junction
470,62 Merry Road
471,29986 Troy Point
472,26864 Spohn Court
473,55104 High Crossing Hill
474,32 Barby Point
475,4 Victoria Alley
476,67719 Duke Terrace
477,64444 Cascade Center
478,48 Lillian Avenue
479,127 Vera Place
480,75 Rutledge Park
481,93 Morning Trail
482,1 Packers Street
483,70 Welch Pass
484,7703 Aberg Parkway
485,309 Heffernan Circle
486,607 Union Junction
487,008 Atwood Plaza
488,5342 Lukken Park
489,0 Chive Alley
490,6 Katie Road
491,981 Hallows Alley
492,54 Dapin Street
493,1 Buhler Plaza
494,86 Warner Avenue
495,3472 Lukken Lane
496,65360 Shelley Court
497,1169 Meadow Vale Avenue
498,7461 Monument Trail
499,6 Schurz Alley
500,7294 Pond Pass
501,789 Lunder Drive
502,9707 Merry Terrace
503,950 Glendale Street
504,531 Loeprich Drive
505,9466 Longview Point
506,2 Graedel Lane
507,80 Truax Place
508,41 Sunbrook Parkway
509,1683 Darwin Road
510,59689 Montana Court
511,14722 Buhler Center
512,882 Gulseth Avenue
513,07 Magdeline Plaza
514,371 Crescent Oaks Alley
515,07 Erie Lane
516,9 Roth Trail
517,95528 Warner Drive
518,601 Main Alley
519,7 8th Hill
520,9716 Colorado Lane
521,532 Messerschmidt Drive
522,42 Green Drive
523,7 Parkside Crossing
524,9 Mcguire Hill
525,8252 Mcguire Pass
526,76 6th Point
527,18067 Sutteridge Avenue
528,2 Columbus Terrace
529,1 Pearson Point
530,2205 Portage Crossing
531,53 Kenwood Street
532,415 Milwaukee Way
533,202 Everett Terrace
534,9598 Bashford Junction
535,1 Myrtle Lane
536,275 Toban Drive
537,2 Armistice Pass
538,9 Hoepker Crossing
539,2 Gerald Way
540,17765 Linden Plaza
541,03127 Transport Drive
542,95725 Northridge Avenue
543,12 Sommers Avenue
544,035 Muir Alley
545,07 Golf Parkway
546,06922 Esch Place
547,11 Kropf Trail
548,167 Messerschmidt Court
549,2 Upham Street
550,99 Lake View Junction
551,95 Brickson Park Park
552,89 Dahle Court
553,09665 Morningstar Plaza
554,7 Columbus Point
555,88499 Daystar Parkway
556,5 Fair Oaks Center
557,0 Amoth Avenue
558,42928 Havey Place
559,68 Dexter Parkway
560,8 Sloan Alley
561,27 Jay Way
562,1 Warner Drive
563,543 Moose Point
564,29360 Dayton Road
565,7340 Linden Drive
566,3 4th Road
567,53824 Porter Trail
568,81395 Warrior Alley
569,866 Longview Park
570,8376 Harper Parkway
571,81181 Milwaukee Junction
572,0245 American Hill
573,04 Village Green Parkway
574,8 Brickson Park Park
575,70 Prairieview Hill
576,25145 Maple Way
577,605 Larry Hill
578,989 Dottie Pass
579,42190 Superior Place
580,08 Derek Terrace
581,472 Sycamore Alley
582,5 Roxbury Park
583,4616 Grim Court
584,5 Sutteridge Lane
585,21244 Buena Vista Way
586,2688 Talisman Center
587,94694 Green Way
588,653 International Point
589,161 Arrowood Court
590,9 7th Point
591,5663 Mosinee Road
592,8742 Express Avenue
593,66176 Petterle Crossing
594,466 School Crossing
595,58852 Anthes Park
596,2359 Reindahl Terrace
597,416 Moose Street
598,3531 Helena Pass
599,9 Eagan Center
600,527 Rockefeller Street
601,6381 Brentwood Way
602,78 Arizona Pass
603,17 Marquette Road
604,38 Declaration Alley
605,95697 Sheridan Street
606,1 Boyd Hill
607,82 Tennyson Alley
608,38328 Hanson Point
609,624 Everett Point
610,6 Sutherland Circle
611,21882 Artisan Hill
612,222 Lunder Center
613,81 Sherman Center
614,9 Butterfield Crossing
615,243 Center Court
616,016 Bultman Avenue
617,794 Crescent Oaks Drive
618,18 Village Circle
619,37 Paget Park
620,3046 West Trail
621,9 Starling Alley
622,89524 6th Pass
623,872 Esch Parkway
624,3343 Homewood Point
625,02 American Trail
626,25 Sunbrook Street
627,24 Corscot Street
628,912 Aberg Way
629,651 Valley Edge Parkway
630,316 Stang Hill
631,562 Ridge Oak Parkway
632,6 Melby Center
633,912 Mockingbird Plaza
634,348 Corscot Avenue
635,2742 Hovde Way
636,6485 Petterle Terrace
637,858 Warrior Way
638,3319 Lillian Road
639,5 Colorado Point
640,55 Caliangt Place
641,2846 Menomonie Court
642,824 Talisman Court
643,922 Pepper Wood Parkway
644,44 Acker Terrace
645,68 Holmberg Road
646,3460 Manufacturers Drive
647,01389 Charing Cross Street
648,2273 Darwin Pass
649,82871 Waubesa Place
650,61434 Rutledge Plaza
651,6526 Cambridge Park
652,41108 Westerfield Plaza
653,4 Lake View Point
654,86 Hintze Park
655,7403 Maple Wood Avenue
656,0529 Blaine Center
657,7798 Sycamore Place
658,565 Hermina Street
659,9980 New Castle Center
660,3901 Fairview Pass
661,750 David Way
662,81522 Cordelia Junction
663,8335 Park Meadow Alley
664,410 Lakewood Center
665,7 Longview Avenue
666,226 Evergreen Pass
667,2 Shelley Terrace
668,562 Lukken Place
669,6732 Waywood Lane
670,1 Talmadge Trail
671,28 Pawling Road
672,64 Eagan Street
673,3 4th Pass
674,8 Doe Crossing Hill
675,7542 Dunning Junction
676,1455 Dovetail Circle
677,99 Sachs Trail
678,83456 Amoth Junction
679,43099 Del Mar Street
680,6 Clemons Court
681,7389 Bultman Circle
682,5947 Merry Pass
683,4 Fieldstone Road
684,60 Vidon Avenue
685,651 Cody Terrace
686,1039 Mayfield Place
687,0 Graedel Drive
688,2521 Elka Park
689,7 Sugar Crossing
690,430 Logan Avenue
691,8655 Glacier Hill Hill
692,42885 Mitchell Way
693,52528 Summer Ridge Street
694,8020 Bluestem Crossing
695,74673 Bunting Hill
696,7773 South Place
697,92735 Pawling Drive
698,263 Alpine Street
699,38082 Corry Road
700,887 Hintze Parkway
701,4 Hayes Lane
702,0 Grim Crossing
703,5 Redwing Circle
704,30 Fairfield Street
705,59 Sauthoff Junction
706,7 Hudson Road
707,41 Sugar Plaza
708,5252 Rigney Drive
709,558 Summerview Terrace
710,6482 Memorial Street
711,89 Eliot Park
712,98 Mallory Parkway
713,3 Farwell Parkway
714,7 Vernon Road
715,1658 Onsgard Point
716,011 Independence Drive
717,417 Delladonna Trail
718,28 Gerald Junction
719,3028 Gina Plaza
720,70 Waubesa Hill
721,1967 Harper Lane
722,88808 Veith Street
723,07498 Carioca Road
724,03 Bluejay Pass
725,17944 Stephen Drive
726,86643 Eagan Circle
727,65340 Southridge Terrace
728,5031 Washington Plaza
729,93 Longview Parkway
730,971 Bobwhite Crossing
731,9 Schurz Drive
732,06 Scott Park
733,215 Stuart Hill
734,95 Kropf Avenue
735,57 Westerfield Pass
736,00978 Wayridge Point
737,3976 Prairieview Plaza
738,3 Gulseth Parkway
739,398 Browning Point
740,28005 Forest Run Road
741,2031 Harper Park
742,82986 Hooker Park
743,1571 Talmadge Plaza
744,5 Dwight Terrace
745,091 Steensland Alley
746,740 Chinook Circle
747,46455 Twin Pines Trail
748,26 Pennsylvania Crossing
749,8 Tomscot Terrace
750,44 Cottonwood Drive
751,3 Ramsey Lane
752,588 Hayes Point
753,86 Fairfield Hill
754,34777 Sullivan Lane
755,1 Arkansas Center
756,71153 Ridge Oak Park
757,67 Sundown Terrace
758,699 Lakewood Gardens Court
759,71633 Vahlen Park
760,23 Duke Drive
761,5459 Hudson Point
762,941 Russell Crossing
763,0 Dottie Junction
764,73068 4th Court
765,2218 Transport Crossing
766,75 Village Green Alley
767,2 Golden Leaf Road
768,412 Saint Paul Center
769,88630 Surrey Park
770,84 Duke Trail
771,14 Rieder Terrace
772,3 Mayfield Avenue
773,10 Fairfield Place
774,7956 Goodland Drive
775,9 Hansons Court
776,667 Pennsylvania Terrace
777,50 Cherokee Street
778,05 Fieldstone Center
779,57581 Farragut Way
780,0 Debra Drive
781,42 Florence Junction
782,67 Weeping Birch Alley
783,55 Di Loreto Alley
784,037 Golf Course Terrace
785,75 Arizona Terrace
786,881 Forest Avenue
787,89689 Nevada Lane
788,9 Grasskamp Park
789,5 Laurel Trail
790,01 6th Way
791,18 Holy Cross Parkway
792,472 Bowman Park
793,901 Westerfield Lane
794,75967 Meadow Ridge Center
795,6494 Scoville Crossing
796,63217 Dexter Court
797,36386 Lakewood Hill
798,3 Melvin Road
799,3 Parkside Court
800,3777 Fairfield Trail
801,6719 Esch Court
802,5 Burning Wood Way
803,959 Meadow Vale Center
804,93395 Sugar Road
805,0 Stang Plaza
806,545 Pennsylvania Center
807,2450 Trailsway Drive
808,8777 Graceland Street
809,7 Di Loreto Plaza
810,568 Florence Avenue
811,07107 Judy Plaza
812,73 South Way
813,6765 Warbler Road
814,7068 Summit Parkway
815,1354 Talmadge Circle
816,084 Crownhardt Crossing
817,9 Sage Hill
818,89 John Wall Road
819,29286 Buena Vista Park
820,687 Aberg Crossing
821,14 Roth Parkway
822,777 New Castle Hill
823,5607 Arrowood Circle
824,66 Sachtjen Junction
825,8 Vidon Junction
826,0954 Graedel Way
827,5933 Menomonie Street
828,01 Thierer Center
829,092 Redwing Circle
830,94994 Lakeland Center
831,7 Sugar Pass
832,13 Stone Corner Pass
833,6 Lyons Center
834,4 Pleasure Crossing
835,872 Nova Avenue
836,35798 Ilene Road
837,6 Chinook Road
838,7 Oakridge Alley
839,16 Moulton Court
840,284 Starling Circle
841,741 Russell Road
842,1610 Dryden Circle
843,71836 3rd Street
844,08 Maryland Hill
845,4273 Arizona Terrace
846,3 Melvin Lane
847,1616 Brentwood Center
848,9252 Old Gate Street
849,327 Cardinal Road
850,119 Gina Point
851,1455 Marcy Lane
852,338 Carpenter Avenue
853,1 Chinook Point
854,9540 Carpenter Parkway
855,75 Bluejay Avenue
856,87198 Riverside Avenue
857,0108 Randy Plaza
858,56 Golf Course Terrace
859,401 Pawling Trail
860,08 Lakeland Pass
861,6837 Del Sol Lane
862,807 Manitowish Trail
863,59 Merrick Circle
864,782 Bellgrove Point
865,250 Lyons Center
866,83312 Springs Terrace
867,06994 Clove Road
868,5432 Butterfield Point
869,1 Claremont Avenue
870,4435 Laurel Crossing
871,95072 Schlimgen Point
872,52862 Service Avenue
873,1053 Heath Place
874,2679 Forster Street
875,648 Paget Terrace
876,056 Gerald Point
877,11 Fuller Court
878,550 Spohn Crossing
879,4 Anzinger Plaza
880,090 Harbort Place
881,782 Farragut Avenue
882,62 Hallows Pass
883,59 Pennsylvania Avenue
884,44075 Utah Parkway
885,2 Fremont Point
886,3 Logan Trail
887,47888 Grim Point
888,11711 Anderson Crossing
889,037 Weeping Birch Center
890,0126 Buell Pass
891,9 Artisan Pass
892,3 Briar Crest Alley
893,17910 Kim Trail
894,445 Ludington Pass
895,32 Maple Pass
896,42 Mandrake Point
897,91379 Holy Cross Court
898,555 Nobel Park
899,7 Manitowish Court
900,76544 Shasta Circle
901,069 Lake View Hill
902,1 Forest Run Terrace
903,57143 Kedzie Center
904,05712 Porter Point
905,4 Manitowish Center
906,10 Shelley Parkway
907,2442 Pearson Terrace
908,1 Forest Circle
909,65488 Briar Crest Alley
910,830 Dorton Alley
911,33 Nancy Circle
912,62559 Hauk Plaza
913,05804 Pleasure Park
914,9 Schurz Junction
915,71 Union Court
916,6321 Kipling Place
917,94993 Donald Court
918,567 Canary Lane
919,10143 Homewood Street
920,1338 Jenna Way
921,49494 Butternut Terrace
922,020 Utah Pass
923,08533 Fieldstone Road
924,6 Hoard Crossing
925,59133 Spaight Circle
926,445 Canary Parkway
927,2 Towne Plaza
928,933 Veith Road
929,3556 Farwell Road
930,53079 Coolidge Plaza
931,3 Gina Park
932,8488 Hagan Alley
933,81 Onsgard Pass
934,7585 Garrison Street
935,7 Towne Parkway
936,868 Express Place
937,00 Arapahoe Junction
938,2 Village Green Parkway
939,1915 Russell Court
940,9790 Pepper Wood Junction
941,62 Crescent Oaks Place
942,11665 Hoepker Hill
943,15 Prairie Rose Street
944,32727 Clarendon Terrace
945,690 Delladonna Lane
946,434 Blackbird Circle
947,009 Lindbergh Street
948,2 Ilene Hill
949,97258 Prairieview Terrace
950,0949 Packers Junction
951,45900 Forest Dale Plaza
952,1 Summerview Court
953,2517 Anniversary Pass
954,65683 Hoffman Court
955,66481 Stone Corner Junction
956,4 Toban Way
957,490 Boyd Parkway
958,846 Anderson Trail
959,28256 Old Shore Road
960,05807 Katie Court
961,55 Sunbrook Way
962,33881 Kennedy Place
963,2 3rd Lane
964,27 Morrow Terrace
965,36 Bayside Street
966,08 Delaware Avenue
967,55 Kennedy Trail
968,997 Stoughton Drive
969,62 Logan Road
970,6990 Arapahoe Drive
971,1820 Anderson Crossing
972,3409 Maple Wood Trail
973,21640 Laurel Plaza
974,2034 Corscot Circle
975,85673 Fisk Junction
976,0 Hollow Ridge Parkway
977,34321 Merchant Alley
978,32 Westerfield Center
979,47558 Pearson Drive
980,4516 Lunder Junction
981,51188 Bay Junction
982,31 Redwing Park
983,27 Bowman Parkway
984,982 Norway Maple Avenue
985,331 Banding Terrace
986,7 Northview Drive
987,4 Melby Point
988,0318 Trailsway Plaza
989,8 Maywood Way
990,62790 Upham Park
991,6 Reindahl Point
992,73 Hagan Park
993,518 Lukken Plaza
994,2338 Charing Cross Center
995,9019 Buell Center
996,83015 Almo Plaza
997,495 7th Parkway
998,6 Reindahl Point
999,42 Sage Hill
1000,45 Armistice Crossing
