,ISBN,genres
0,0195153448,"Mythology, History, Classics, Nonfiction, Reference, Textbooks, Religion"
1,0002005018,"Fiction, Canada, Historical Fiction, Literary Fiction, Canadian Literature, Historical, Novels"
2,0060973129,"History, World War II, Nonfiction, Military History, War, Military Fiction, World History"
3,0374157065,"History, Nonfiction, Science, Medical, Medicine, Health, Disease"
4,0393045218,"History, Archaeology, Nonfiction, China, Anthropology, Asia, Ancient History"
5,0399135782,"Fiction, Historical Fiction, China, Asia, Contemporary, Asian Literature, Novels"
6,0425176428,"History, Nonfiction, Alternate History, Military Fiction, Military History, War, Essays"
7,0671870432,"Fiction, Mystery, Legal Thriller, Thriller, Crime, Mystery Thriller, Suspense"
8,0679425608,"History, Nonfiction, Pirates, Historical, Adventure, World History, Research"
9,074322678X,"Short Stories, Fiction, Literature, Anthologies, American, 20th Century, School"
10,0771074670,"Fiction, Canada, Canadian Literature, Literary Fiction, Novels"
11,080652121X,"History, Nonfiction, Holocaust"
12,0887841740,"Short Stories, Fiction, Canada, Literature, Humor, Literary Fiction, Womens"
13,1552041778,[]
14,1558746218,"Nonfiction, Inspirational, Self Help, Short Stories, Adult, Womens, Religion"
15,1567407781,"Mystery, Fiction, Crime"
16,1575663937,"Nonfiction, History"
17,1881320189,[]
18,0440234743,"Fiction, Thriller, Mystery, Legal Thriller, Suspense, Crime, Mystery Thriller"
19,0452264464,"Fiction, Classics, Historical Fiction, Magical Realism, Literature, Historical, African American"
20,0609804618,"Humor, Fiction, Comedy, Politics, Reference, Historical Fiction, Journalism"
21,1841721522,"Cookbooks, Reference, Food, Vegetarian"
22,1879384493,[]
23,0061076031,"Middle Grade, Childrens, Fiction"
24,0439095026,"Childrens, Nonfiction"
25,0689821166,"Historical Fiction, Middle Grade, Childrens, Fiction, Adventure"
26,0971880107,"Fiction, Fantasy, Novels, Adult Fiction, Audiobook, Outdoors"
27,0345402871,"Fiction, Thriller, Mystery, Science Fiction, Suspense, Mystery Thriller, Adventure"
28,0345417623,"Science Fiction, Fiction, Thriller, Time Travel, Historical Fiction, Fantasy, Adventure"
29,0684823802,"Science Fiction, Fiction, Fantasy, Classics, Christian, Christian Fiction, Science Fiction Fantasy"
30,0375759778,"Fiction, Historical Fiction, Hungary, Travel, Literature, Novels, Historical"
31,0425163091,Fiction
32,3404921038,"Fiction, Canada, Contemporary, Canadian Literature, Humor, Novels, Classics"
33,3442353866,[]
34,3442410665,"Historical Fiction, German Literature, Fiction, Historical, Romance, Historical Romance, War"
35,3442446937,[]
36,0375406328,"Fiction, Religion, Spirituality, Literature, Contemporary, Novels, Literary Fiction"
37,0446310786,"Classics, Fiction, Historical Fiction, School, Literature, Young Adult, Historical"
38,0449005615,"Nonfiction, History, Biography, Sports, Animals, Horses, Historical"
39,0060168013,"Fiction, Contemporary, Literary Fiction, Adult Fiction, Novels, Literature, Adult"
40,038078243X,"Mystery, Cozy Mystery, Fiction"
41,055321215X,"Classics, Fiction, Romance, Historical Fiction, Literature, Historical, Novels"
42,067176537X,[]
43,0061099686,"Fiction, Southern, Chick Lit, Historical Fiction, Romance, Womens Fiction, Womens"
44,0553582909,"Horror, Fiction, Thriller, Suspense, Mystery, Adventure, Mystery Thriller"
45,0671888587,"Mystery, Fiction, Suspense, Thriller, Mystery Thriller, Crime, Adult"
46,0553582747,"Horror, Fiction, Thriller, Suspense, Mystery, Fantasy, Mystery Thriller"
47,0425182908,"Mystery, Fiction, Crime, Thriller, Suspense, Mystery Thriller, Detective"
48,042518630X,"Mystery, Romance, Crime, Fiction, Romantic Suspense, Futuristic, Suspense"
49,0440223571,"Fiction, Short Stories, Christmas, Romance, Chick Lit, Ireland, Irish Literature"
50,0812523873,"Science Fiction, Fiction, Speculative Fiction"
51,0842342702,"Fiction, Christian, Christian Fiction, Fantasy, Religion, Thriller, Christianity"
52,0440225701,"Fiction, Thriller, Mystery, Legal Thriller, Crime, Suspense, Law"
53,0060914068,"Health, Nonfiction, Self Help, Spirituality, Psychology, Medicine, Medical"
54,0156047624,"Fiction, Classics, Historical Fiction, Politics, Literature, Novels, American"
55,0245542957,[]
56,0380715899,"Fiction, Historical Fiction, War, Italy, World War I, Historical, Literature"
57,0553280333,"Health, Self Help, Psychology, Nonfiction"
58,0961769947,[]
59,0964778319,[]
60,0671623249,"Fiction, Historical Fiction, Westerns, Classics, Historical, Adventure, Novels"
61,0679810307,"Young Adult, Fiction, Historical Fiction, Pakistan, Realistic Fiction, Historical, Cultural"
62,0679865691,"Young Adult, Fiction, Historical Fiction, Pakistan, Teen, Cultural, Historical"
63,2070423204,[]
64,0345260317,"Science, Nonfiction, Philosophy, Evolution, Biology, Psychology, History"
65,0394743741,"Fiction, Russia, Humor, Russian Literature, Classics, 20th Century"
66,042511774X,"Fiction, Contemporary, Literary Fiction, Novels, Literature, Adult Fiction, American"
67,0804106304,"Fiction, Historical Fiction, Classics, China, Contemporary, Adult Fiction, Adult"
68,1853262404,"Classics, Fiction, Literature, Short Stories, Africa, Adventure, Novels"
69,0312970242,Fiction
70,1853260053,"Classics, Fiction, Romance, Literature, Historical Fiction, 19th Century, Victorian"
71,1414035004,[]
72,0060938412,"Chick Lit, Fiction, Romance, Humor, Adult Fiction, Contemporary, Adult"
73,0140067477,"Philosophy, Nonfiction, Spirituality, Religion, Self Help, Taoism, Audiobook"
74,0345465083,"Nonfiction, History, Biography, Sports, Animals, Horses, Historical"
75,0451625889,"Classics, Philosophy, Nonfiction, Politics, History, Literature, Political Science"
76,1558531025,"Nonfiction, Self Help, Philosophy, Inspirational, Spirituality, Personal Development, Psychology"
77,0441783589,"Science Fiction, Fiction, Classics, Military Fiction, War, Science Fiction Fantasy, Space Opera"
78,0394895894,"Mystery, Young Adult, Historical Fiction, Fiction, Historical, Fantasy, Adventure"
79,1569871213,"Classics, Fiction, Childrens, Animals, Young Adult, Horses, Historical Fiction"
80,0375410538,[]
81,0966986105,[]
82,087113375X,"Humor, Nonfiction, Comedy, Essays, Cultural, Self Help, American"
83,0340767936,"Fiction, Chick Lit, Humor, Romance, Contemporary, Novels, Contemporary Romance"
84,0743403843,"Science Fiction, Thriller, Fiction, Mystery, Adventure, Archaeology, Action"
85,0060930365,Memoir
86,0060177586,"Biography, Politics, Nonfiction, Memoir, History, Biography Memoir, Autobiography"
87,0071416331,[]
88,0375509038,"Politics, Biography, Nonfiction, History, Presidents, Us Presidents, Historical"
89,0553062042,"Westerns, Fiction, Historical Fiction, Adventure, Historical, Action, 19th Century"
90,0316769487,"Classics, Fiction, Young Adult, Literature, School, Novels, Coming Of Age"
91,8445071408,"Fantasy, Classics, Fiction, Adventure, High Fantasy, Science Fiction Fantasy, Epic Fantasy"
92,8445071769,"Fantasy, Classics, Fiction, Adventure, High Fantasy, Science Fiction Fantasy, Epic Fantasy"
93,8445071777,"Fantasy, Fiction, Classics, Adventure, High Fantasy, Science Fiction Fantasy, Epic Fantasy"
94,0679429220,"Nonfiction, True Crime, Mystery, Crime, History, Southern, Classics"
95,0671867156,[]
96,0312252617,"Romance, Chick Lit, Contemporary Romance, Fiction, Contemporary, Mystery, Humor"
97,0312261594,"Chick Lit, Romance, Fiction, Humor, Contemporary Romance, Mystery, Adult Fiction"
98,0316748641,"Italy, Travel, Memoir, Nonfiction, Italian Literature, Biography Memoir, History"
99,0316973742,"Fiction, Historical Fiction, Thriller, Novels, Religion, Literary Fiction, British Literature"
100,0385235941,"Short Stories, Fiction, Anthologies"
101,0446677450,"Business, Finance, Nonfiction, Self Help, Personal Finance, Money, Personal Development"
102,0451166892,"Historical Fiction, Fiction, Historical, Fantasy, Classics, Medieval, Audiobook"
103,0553347594,"Business, Nonfiction, Biography, History, Buisness, Entrepreneurship, Food"
104,0671621009,"Finance, Business, Money, Nonfiction, Money Management, Personal Finance, Self Help"
105,067976397X,"Fiction, Historical Fiction, Romance, Classics, War, Greece, Historical"
106,0684822733,"Animals, Nonfiction, Dogs"
107,0786868716,"Fiction, Contemporary, Inspirational, Fantasy, Classics, Spirituality, Adult"
108,8472238822,"Romance, LGBT, Erotica"
109,0671864769,"Star Trek, Science Fiction, Fiction, Star Trek The Next Generation, Science Fiction Fantasy, Media Tie In, Novels"
110,0671521519,"Fiction, Young Adult, Classics, Realistic Fiction, Childrens, School, Coming Of Age"
111,0440222303,"Babylon 5, Science Fiction, Fiction, Science Fiction Fantasy, Tv, Media Tie In, Space Opera"
112,0312953453,"Thriller, Mystery Thriller, Fiction, Mystery, Adventure, Horror, Espionage"
113,0446608653,"Romance, Mystery, Romantic Suspense, Suspense, Fiction, Thriller, Contemporary"
114,0446612545,"Mystery, Fiction, Thriller, Crime, Suspense, Mystery Thriller, Murder Mystery"
115,0446612618,"Romance, Contemporary Romance, Contemporary, Fiction, Chick Lit, Audiobook, Harlequin"
116,0451208080,"Mystery, Fiction, Thriller, Mystery Thriller, Suspense, Crime, Detective"
117,0553584383,"Mystery, Suspense, Fiction, Thriller, Romance, Mystery Thriller, Romantic Suspense"
118,0671027360,"Fiction, Mystery, Thriller, Mystery Thriller, Suspense, Adventure, Crime"
119,0812575954,[]
120,0316735736,"Fiction, Historical Fiction, Romance, Chick Lit, Contemporary, Historical, Drama"
121,0743439740,"True Crime, Nonfiction, Crime, Mystery, Audiobook, Adult, Biography"
122,0345372700,"Humor, Nonfiction, Biography, Southern, Comedy, Essays, Memoir"
123,0380619458,"Fiction, Adventure, Travel, Classics, Literary Fiction, Novels, Literature"
124,0446325805,"Humor, Nonfiction, Essays, Biography, Southern"
125,0451406923,"True Crime, Nonfiction"
126,0671042858,"Horror, Fiction, Thriller, Suspense, Mystery, Fantasy, Survival"
127,0743249992,"Nonfiction, Biography, Memoir, True Crime, Crime, History, Sports"
128,0840734530,"Fantasy, Christian"
129,0425184226,"Fiction, Thriller, Espionage, Action, Military Fiction, Suspense, Adventure"
130,0375500766,"Nonfiction, Biography, Inspirational"
131,9724119378,"Fiction, India, Historical Fiction, Contemporary, Classics, Literary Fiction, Indian Literature"
132,0451205197,Romance
133,0060929790,"Fiction, Classics, Magical Realism, Literature, Fantasy, Novels, Historical Fiction"
134,0060976845,"Fiction, Chick Lit, Southern, Contemporary, Historical Fiction, Coming Of Age, Adult Fiction"
135,0061099325,"Mystery, Fiction, Mystery Thriller, Crime, Westerns, Detective, Native Americans"
136,0671004573,"Mystery, Fiction, Suspense, Thriller, Mystery Thriller, Crime, Adult"
137,0446601640,"Romance, Fiction, Contemporary, Adult Fiction, Chick Lit, Love Story, Novels"
138,0330484516,"Health, Self Help, Spirituality"
139,038572179X,"Fiction, Historical Fiction, Classics, Romance, Historical, War, Literary Fiction"
140,0393020371,"Nonfiction, Business, Technology, Internet, Economics, Audiobook, Computers"
141,1900850303,Fiction
142,1903019699,Fiction
143,0345425294,"Fiction, Crime, Thriller, Mystery, Historical Fiction, Mystery Thriller, Literature"
144,0451410319,"Mystery, Thriller, Suspense, Fiction, Crime, Mystery Thriller, Horror"
145,0553583468,"Mystery, Paranormal, Romance, Fiction, Romantic Suspense, Suspense, Thriller"
146,8420639133,"Philosophy, Nonfiction, Religion, Classics, Theology, Christianity, Psychology"
147,8476409419,"Philosophy, Nonfiction, Essays, Spain, Love, Psychology, Spanish Literature"
148,0380778556,"Classics, Fiction, Mystery, Gothic, Romance, Historical Fiction, Thriller"
149,0451525221,"Classics, Fiction, Historical Fiction, School, Literature, High School, Read For School"
150,0002740230,[]
151,0385336772,"Chick Lit, Fiction, Humor, Romance, Diary, Adult Fiction, American"
152,0440949424,"Young Adult, Mystery, Fiction, Horror, Thriller, Fantasy, Paranormal"
153,0505524996,"Romance, Science Fiction, Aliens, Science Fiction Romance, Futuristic, Fantasy, Fiction"
154,0140252800,"Mystery, Fiction, Crime, Suspense, Thriller, Mystery Thriller, British Literature"
155,0451452755,"Fantasy, Cats, Fiction, Animals, Mystery, Young Adult, Magic"
156,0812575482,"Fantasy, Fiction, High Fantasy, Magic, Wolves, Adult, Adventure"
157,044651747X,"Fiction, Romance, Mystery, Adventure, American, Thriller, Novels"
158,0060801263,"Classics, Fiction, Historical Fiction, Young Adult, Coming Of Age, Historical, Literature"
159,0061030147,"Nonfiction, Biography, Memoir, Autobiography, Biography Memoir, Humor, Pop Culture"
160,0140250964,"Fiction, Literary Fiction, Mystery, Novels, Crime, Coming Of Age, Contemporary"
161,0446527165,"Fiction, Historical Fiction, Mystery, Thriller, Historical, Drama, Family"
162,0671461494,"Science Fiction, Fiction, Humor, Classics, Fantasy, Comedy, Science Fiction Fantasy"
163,0385337639,"Fiction, Canada, Contemporary, Family, Literary Fiction, Adult Fiction, Coming Of Age"
164,039575514X,"Classics, Fiction, Historical Fiction, Literature, School, American, Novels"
165,0451206673,"Chick Lit, Fiction, Romance, Humor, Contemporary, Contemporary Romance, Womens Fiction"
166,0330332775,"Fiction, Chick Lit, Romance, Humor, Contemporary, Adult, Comedy"
167,0486284735,"Classics, Fiction, Romance, Historical Fiction, Literature, Historical, Novels"
168,0671021745,"Mystery, Fiction"
169,0671047612,"Mystery, Fiction, Young Adult, Detective, Childrens"
170,0671504282,"Young Adult, Mystery"
171,0399138684,"Mystery, Fiction, Cozy Mystery, Cats, Animals, Audiobook, Crime"
172,0785263292,Nonfiction
173,0830714014,"Relationships, Parenting, Christian, Nonfiction, Health, Family"
174,0345354931,"Fantasy, Fiction, Humor, Science Fiction Fantasy, Young Adult, Magic, Science Fiction"
175,0553278223,"Science Fiction, Fiction, Classics, Short Stories, Fantasy, Science Fiction Fantasy, Audiobook"
176,3150000335,"Classics, Plays, German Literature, School, Drama, Fiction, Read For School"
177,3257203659,"Science Fiction, Short Stories, Fiction, Classics, Fantasy, Horror, Science Fiction Fantasy"
178,3257207522,"Crime, Noir, Adventure"
179,3257208626,"Classics, Fiction, Science Fiction, Dystopia, School, Literature, Novels"
180,3257208634,"Science Fiction, Fiction, Classics, Short Stories, Fantasy, Science Fiction Fantasy, Audiobook"
181,3257208669,"Horror, Fantasy, Fiction, Classics, Science Fiction, Young Adult, Halloween"
182,3257210450,"Fiction, Classics, Science Fiction, Fantasy, Young Adult, Short Stories, Coming Of Age"
183,3257212054,"Science Fiction, Short Stories, Fiction, Fantasy, Classics, Science Fiction Fantasy, Horror"
184,3257212429,"Science Fiction, Short Stories, Fiction, Fantasy, Collections, Science Fiction Fantasy, Classics"
185,3257214154,"Horror, Short Stories, Fiction, Fantasy, Science Fiction, Classics, Halloween"
186,3257216416,"Short Stories, Horror, Mystery, Fiction, Science Fiction, Crime, Fantasy"
187,3257233051,"Fiction, Contemporary, Philosophy, Novels, Psychology, Romance, Mental Health"
188,342311360X,"Fiction, Classics, Historical Fiction, Romance, Magical Realism, Literature, Novels"
189,3423116714,"Fiction, Science Fiction, Literary Fiction, Feminism, Novels, Womens, Contemporary"
190,3423241489,"Chick Lit, Fiction, Romance, Humor, Novels, Comedy, Indonesian Literature"
191,3426605686,"Historical Fiction, Fiction, Magical Realism, Historical, Fantasy, Adult, Literary Fiction"
192,3453212150,"Fiction, Humor, Young Adult, Comedy, Contemporary, British Literature, Novels"
193,3462021095,"Fiction, Contemporary, German Literature, Germany"
194,3492045642,"Nonfiction, Politics, Humor, Sociology, Essays, History, Comedy"
195,3498020862,"Fiction, Contemporary, Novels, Literary Fiction, Literature, American, Family"
196,3499110695,"Short Stories, Fiction, Classics, Literature, American, 20th Century, Literary Fiction"
197,3499151502,"Fiction, Classics, Short Stories, Literature, American, Novels, Literary Fiction"
198,3518111000,"Classics, Fiction, Literature, Novels, Ireland, Irish Literature, 20th Century"
199,3548254268,"Fiction, Chick Lit, Contemporary, Novels, British Literature, Roman, Womens Fiction"
200,3570300099,"Fiction, Young Adult, Humor, Comedy, Childrens, British Literature, Contemporary"
201,3596292646,"Fiction, Short Stories, Czech Literature, Literature, Classics, Novels, Romance"
202,0060977493,"Fiction, India, Historical Fiction, Contemporary, Classics, Literary Fiction, Indian Literature"
203,0312872682,[]
204,0316602906,"Mystery, Fiction, Thriller, Crime, Suspense, Mystery Thriller, Detective"
205,0316693006,"Mystery, Fiction, Thriller, Crime, Mystery Thriller, Suspense, Audiobook"
206,0345311396,"Mystery, Fiction, Thriller, Legal Thriller, Crime, Suspense, Mystery Thriller"
207,0345378490,"Fiction, Science Fiction, Thriller, Adventure, Horror, Mystery, Suspense"
208,0345404793,"Fiction, Mystery, Thriller, Politics, Crime, Legal Thriller, Suspense"
209,0345433173,"Fiction, Chick Lit, Humor, Contemporary, Womens Fiction, Adult Fiction, Romance"
210,0375400117,"Fiction, Historical Fiction, Romance, Historical, Classics, Japan, Adult"
211,0375705856,"Fiction, Literary Fiction, Contemporary, Novels, Literature, Adult Fiction, Book Club"
212,0380717018,"Mystery, Crime, Fiction, Thriller, Mystery Thriller, Suspense, Murder Mystery"
213,0380718332,"Mystery, Crime, Fiction, Thriller, Mystery Thriller, Suspense, Murder Mystery"
214,0380754509,[]
215,038076654X,"Romance, Historical Romance, Historical, Historical Fiction, Fiction, Westerns, Adult"
216,0380807866,"Romance, Historical Romance, Historical, Fiction, Historical Fiction, Regency, Adult"
217,0385316895,"Fiction, Historical Fiction, Romance, Novels, Chick Lit, World War II, Historical"
218,0385497466,"Fiction, Thriller, Mystery, Legal Thriller, Suspense, Crime, Mystery Thriller"
219,0385508042,"Fiction, Thriller, Mystery, Legal Thriller, Suspense, Crime, Mystery Thriller"
220,0385509456,"Fiction, Mystery, Young Adult, Contemporary, Classics, Novels, Autistic Spectrum Disorder"
221,0385511612,"Fiction, Sports, Football, Mystery, Thriller, Contemporary, Adult Fiction"
222,0385730586,"Young Adult, Fiction, Chick Lit, Contemporary, Romance, Teen, Realistic Fiction"
223,0425164403,"Romance, Fiction, Indonesian Literature, Novels, Adult Fiction, Love, Chick Lit"
224,0440234964,"Fiction, Romance, Suspense, Mystery, Thriller, Romantic Suspense"
225,0446605484,"Mystery, Fiction, Thriller, Crime, Suspense, Mystery Thriller, Detective"
226,0446610399,"Romance, Fiction, Chick Lit, Contemporary, Adult, Adult Fiction, Contemporary Romance"
227,0449006522,"Horror, Fiction, Thriller, Mystery, Suspense, Adult, Mystery Thriller"
228,0449911004,"Fiction, Chick Lit, Humor, Adult Fiction, Contemporary, Book Club, Womens Fiction"
229,0451162072,"Horror, Fiction, Thriller, Fantasy, Audiobook, Paranormal, Adult"
230,0451186648,"Mystery, Fiction, Mystery Thriller, Suspense, Adult, Thriller, Historical Fiction"
231,0452282152,"Historical Fiction, Fiction, Historical, Classics, Art, Romance, Adult"
232,051513290X,"Mystery, Thriller, Psychological Thriller"
233,0553580388,"Fiction, Thriller, Medical, Mystery, Suspense, Crime, Mystery Thriller"
234,0590598848,[]
235,0590629719,"Sports, Childrens, Picture Books, Dogs, Animals, Fiction, Classics"
236,0671023616,"Mystery, Crime, Fiction, Thriller, Mystery Thriller, Suspense, Murder Mystery"
237,0671027387,"Fiction, Thriller, Mystery, Suspense, Mystery Thriller, Adventure, Crime"
238,0684848783,"Nonfiction, Memoir, Biography, Autobiography, Ireland, Biography Memoir, Irish Literature"
239,0743486226,"Fiction, Mystery, Thriller, Mystery Thriller, Suspense, Adventure, Crime"
240,0786863986,"Nonfiction, Memoir, Biography, Ireland, Autobiography, Biography Memoir, Humor"
241,0803251718,"History, Nonfiction, Biography, Native Americans, Native American History, Biography Memoir, American History"
242,0804117934,"Mystery, Historical Fiction, Historical Mystery, Fiction, Historical, Victorian, Crime"
243,140003180X,"Mystery, Fiction, Africa, Crime, Botswana, Cozy Mystery, Detective"
244,155874262X,"Nonfiction, Self Help, Inspirational, Short Stories, Personal Development, Psychology, Spirituality"
245,0060987103,"Fantasy, Fiction, Adult, Retellings, Science Fiction Fantasy, Adult Fiction, Witches"
246,0151008116,"Fiction, Fantasy, Classics, Adventure, Contemporary, Magical Realism, Novels"
247,0375704965,"Mystery, Fiction, Crime, Thriller, Mystery Thriller, British Literature, Suspense"
248,0525947647,"Politics, Nonfiction, Humor, Comedy, History, Audiobook, Political Science"
249,0804111359,"Fiction, Mystery, Contemporary, Classics, Thriller, Literary Fiction, Mystery Thriller"
250,1558744150,"Nonfiction, Inspirational, Self Help, Short Stories, Spirituality, Womens, Christian"
251,0435272683,[]
252,0316782505,"Fiction, Historical Fiction, Mystery, Contemporary, Historical, Chick Lit, Adult Fiction"
253,006102063X,"Fantasy, Fiction, Humor, Comedy, Science Fiction Fantasy, Audiobook, Magic"
254,0060013117,"Fantasy, Fiction, Humor, Comedy, Time Travel, Science Fiction Fantasy, Audiobook"
255,0060199563,"Fantasy, Fiction, Humor, Comedy, Science Fiction Fantasy, Audiobook, Time Travel"
256,006052779X,"Classics, Childrens, Fiction, Fantasy, Young Adult, Animals, Middle Grade"
257,0060563079,"Classics, Fantasy, Fiction, Childrens, Adventure, Young Adult, Middle Grade"
258,0060809027,"Horses, Classics, Fiction, Animals, Young Adult, Childrens, Middle Grade"
259,0061040967,"Fantasy, Fiction, Humor, Comedy, Graphic Novels, Science Fiction Fantasy, Magic"
260,0061050474,"Fantasy, Fiction, Humor, Comedy, Science Fiction Fantasy, Audiobook, Novels"
261,0061052515,"Fantasy, Fiction, Humor, Comedy, Science Fiction Fantasy, Witches, Audiobook"
262,0061052523,"Fantasy, Fiction, Humor, Comedy, Science Fiction Fantasy, Audiobook, Magic"
263,0064472264,"Young Adult, Fiction, Humor, Chick Lit, Romance, Contemporary, Teen"
264,0140620664,"Classics, Fiction, Romance, Historical Fiction, Literature, Historical, 19th Century"
265,0312148267,"Classics, Fiction, Childrens, Fantasy, Animals, Young Adult, Adventure"
266,0312156960,"Historical Fiction, Fantasy, Fiction, Historical, Arthurian, Mythology, Medieval"
267,0312890044,"Fantasy, Urban Fantasy, Fiction, Science Fiction Fantasy, Canada, Adult, Young Adult"
268,034543191X,"Fantasy, Classics, Fiction, Fairy Tales, High Fantasy, Science Fiction Fantasy, Romance"
269,0373836023,"Romance, Historical Fiction, Historical Romance, Historical, Fiction, Regency, Regency Romance"
270,0375751513,"Classics, Fiction, Horror, Fantasy, Gothic, Literature, Novels"
271,0375801677,"Childrens, Fiction, Science Fiction, Fantasy, Classics, Novels, Middle Grade"
272,0375814248,"Childrens, Fantasy, Fiction, Classics, Young Adult, Middle Grade, Adventure"
273,0375823352,"Fantasy, Young Adult, Fiction, Childrens, Adventure, Science Fiction, Audiobook"
274,037582345X,"Fantasy, Young Adult, Fiction, Childrens, Adventure, Science Fiction, Middle Grade"
275,0375823468,"Fantasy, Young Adult, Fiction, Childrens, Adventure, Science Fiction, Audiobook"
276,0380730448,"Fiction, Humor, Young Adult, British Literature, Comedy, Childrens, Coming Of Age"
277,0380973839,"Science Fiction, Fiction, Classics, Short Stories, Fantasy, Science Fiction Fantasy, Audiobook"
278,0385327773,"Fantasy, Young Adult, Mythology, Fiction, Historical Fiction, Teen, Fairy Tales"
279,0394586239,"Fiction, Historical Fiction, Romance, Classics, Mystery, Historical, Literary Fiction"
280,0439510112,"Young Adult, Fiction, Romance, Contemporary, Realistic Fiction, India, Coming Of Age"
281,0440241413,"Chick Lit, Fiction, Romance, Contemporary, Humor, Adult, Adult Fiction"
282,0451409256,"Chick Lit, Fiction, Romance, Contemporary, Contemporary Romance, Adult, Novels"
283,0451523415,"Classics, Fiction, Historical Fiction, Young Adult, Romance, Historical, Literature"
284,0451526279,[]
285,0451526341,"Classics, Fiction, Dystopia, Fantasy, Politics, Literature, School"
286,0486415864,[]
287,0553280589,"Fiction, Magical Realism, Historical Fiction, Classics, Spanish Literature, Romance, Latin American"
288,0571197639,"Fiction, Historical Fiction, Africa, Classics, Historical, Literary Fiction, Literature"
289,0670035262,"Fantasy, Short Stories, Anthologies, Fiction, Mythology, Young Adult, Fairy Tales"
290,0679423079,"Classics, Fiction, Literature, 19th Century, Historical Fiction, Victorian, British Literature"
291,0679751343,"Fiction, Historical Fiction, Short Stories, Historical, Literary Fiction, Novels, Contemporary"
292,0684833395,"Classics, Fiction, Historical Fiction, War, Humor, Literature, Novels"
293,0743245024,"Classics, Fiction, Historical Fiction, British Literature, Literature, Romance, Historical"
294,0749748001,"Fantasy, Childrens, Classics, Fiction, Adventure, Middle Grade, Magic"
295,0749748028,"Fantasy, Childrens, Classics, Fiction, Adventure, Magic, Young Adult"
296,0963094424,"Fantasy, Short Stories, Fiction, Poetry, Horror, Anthologies, Urban Fantasy"
297,1401201172,"Comics, Graphic Novels, Fantasy, Fiction, Steampunk, Science Fiction, Graphic Novels Comics"
298,1563892278,"Graphic Novels, Comics, Fantasy, Fiction, Horror, Graphic Novels Comics, Comic Book"
299,1563898586,"Graphic Novels, Comics, Fantasy, Fiction, Steampunk, Graphic Novels Comics, Science Fiction"
300,156971620X,"Graphic Novels, Comics, Fantasy, Fiction, Graphic Novels Comics, Short Stories, Horror"
301,1592571301,Nonfiction
302,0374270325,"Fiction, Literature, Novels, Philosophy, Contemporary, Literary Fiction, Classics"
303,0375719180,"Fiction, Coming Of Age, Contemporary, Novels, Book Club, Literary Fiction, Historical Fiction"
304,0440235502,"Nonfiction, Memoir, Biography, Science, History, Biography Memoir, Space"
305,044023722X,"Fiction, Mystery, Historical Fiction, Thriller, Suspense, Novels, Historical"
306,1573225487,"Fiction, Jewish, Judaism, Religion, Coming Of Age, Historical Fiction, Novels"
307,1853260673,"Classics, Fiction, Romance, Historical Fiction, 19th Century, Literature, Victorian"
308,0060977477,"Nonfiction, History, Adventure, Biography, Survival, Nature, Historical"
309,0345391691,"Religion, History, Nonfiction, Philosophy, Theology, Spirituality, Christianity"
310,0520011171,"Poetry, Classics, LGBT, Queer, Mythology, History, Greece"
311,0553278746,"Science Fiction, Fiction, Post Apocalyptic, Dystopia, Apocalyptic, Fantasy, Science Fiction Fantasy"
312,0670856045,"Fiction, Contemporary, Book Club, School, Literary Fiction, Novels, Literature"
313,0872200760,"Philosophy, Classics, Nonfiction, School, Ancient, History, Ancient History"
314,0937858994,"Parenting, Nonfiction, Health, Childrens, Banned Books, Science, Self Help"
315,0671649949,"Fiction, LGBT, Gay, Gay Fiction, Queer, Humor, Contemporary"
316,0590431110,"Historical Fiction, Fiction, Childrens, Historical"
317,0064470113,"Realistic Fiction, Teen"
318,0553571486,"Young Adult, Fiction, Romance, Teen, Contemporary, Christian Fiction, Christian"
319,0972044205,[]
320,0312963009,"Fiction, Science Fiction, Thriller, Adventure, Horror, Fantasy, Anthropology"
321,0345430476,"Horror, Fiction, Thriller"
322,0345435869,"Fantasy, Fiction, High Fantasy, Epic Fantasy, Science Fiction Fantasy, Reference, Magic"
323,0380728729,"Nonfiction, Humor, Parenting, Comedy, Biography, Memoir, Biography Memoir"
324,038081840X,"Fantasy, Anthologies, Short Stories, Fiction, Dragons, Urban Fantasy"
325,0449912302,"Humor, Nonfiction, Comedy, Computers, Essays, Technology, Audiobook"
326,055329198X,"Horror, Fantasy, Werewolves"
327,0671018930,"Fantasy, Fiction, Christian Fiction"
328,0812541642,"Horror, Thriller, Science Fiction, Fiction, Mystery Thriller, Fantasy, Science Fiction Fantasy"
329,0312988699,"Mystery, Fiction, Suspense, Crime, Mystery Thriller"
330,0486282112,"Classics, Fiction, Horror, Science Fiction, Gothic, Fantasy, School"
331,8483007010,[]
332,0670815373,"Science Fiction, Young Adult, Childrens, Science Fiction Fantasy"
333,0385313748,"Mystery, Fiction, Crime, Historical Fiction, Mystery Thriller, Historical, Action"
334,1575843366,Childrens
335,0684193957,"Mystery, Crime, Fiction, Thriller, Mystery Thriller, Suspense, Murder Mystery"
336,0345371984,"Nonfiction, Science, Travel, Nature, Humor, Animals, Environment"
337,0380730138,"Fiction, Contemporary, Historical Fiction, Adult Fiction, Family, Literary Fiction, Adult"
338,1573228737,"Historical Fiction, Fiction, LGBT, Historical, Gothic, Queer, Mystery"
339,9681500555,"Classics, Nonfiction, History, Biography, Memoir, Historical, Holocaust"
340,0380711109,"Nature, Nonfiction, Essays, Natural History, Environment, Memoir, Science"
341,0452283914,"Politics, Nonfiction, History, Economics, Journalism, The United States Of America, United States"
342,0425120279,"Fiction, Thriller, Mystery, Suspense, Military Fiction, Adventure, Espionage"
343,067153484X,"Historical Romance, Romance, Historical, Fiction, Suspense, Regency, Historical Fiction"
344,0380728273,"Mystery, Fiction, Mystery Thriller, Crime, Thriller, Suspense, Audiobook"
345,8433914545,[]
346,8484509141,"Nonfiction, Writing, Memoir, Biography, Reference, Audiobook, Autobiography"
347,0446606197,"Mystery, Fiction, Mystery Thriller, Cozy Mystery, Southern, Suspense, Audiobook"
348,0771076002,[]
349,0771088191,[]
350,1559703237,"Fiction, Short Stories, Essays, Literature, American, Novels, Literary Fiction"
351,3596214629,"Classics, Fiction, Young Adult, School, Literature, Dystopia, Read For School"
352,0062770500,Travel
353,0671847546,"Travel, Nonfiction"
354,0060188731,"Fiction, Contemporary, Literary Fiction, Book Club, Music, Novels, Historical Fiction"
355,0140374248,"Childrens, Fantasy, Fiction, Classics, Young Adult, Middle Grade, Adventure"
356,0142001740,"Fiction, Historical Fiction, Young Adult, Classics, Historical, Contemporary, Adult Fiction"
357,0195086295,Music
358,0312995423,"Fiction, Thriller, Mystery, Suspense, Mystery Thriller, Crime, Science Fiction"
359,0380704587,"Fiction, Historical Fiction, Romance, Australia, Historical, Historical Romance, Novels"
360,0380815923,"Fiction, Magical Realism, France, Contemporary, Romance, Fantasy, Novels"
361,0385416342,"Fiction, Thriller, Mystery, Crime, Legal Thriller, Suspense, Mystery Thriller"
362,0385418493,"History, Nonfiction, Ireland, Irish Literature, Historical, Religion, European History"
363,038542471X,"Fiction, Thriller, Mystery, Crime, Suspense, Legal Thriller, Mystery Thriller"
364,0425098109,Science Fiction
365,0449005410,"Fiction, Horses, Animals, Contemporary, Literary Fiction, Sports, Novels"
366,0449202631,"Mystery, Fiction, Thriller, Crime, Suspense, Mystery Thriller, British Literature"
367,0449207544,"Mystery, Fiction, Thriller, Crime, Mystery Thriller, Suspense, British Literature"
368,0515128554,"Romance, Contemporary Romance, Fiction, Fantasy, Contemporary, Paranormal, Ireland"
369,0517577402,"Science Fiction, Fiction, Humor, Fantasy, Comedy, Science Fiction Fantasy, Classics"
370,0590450875,"Picture Books, Childrens, Nonfiction, Art, Reference, Mystery"
371,0590481371,"Picture Books, Halloween, Childrens, Nonfiction, Horror, Holiday, Kids"
372,067103619X,"Romance, Fiction, Chick Lit, Contemporary Romance, Contemporary, Womens Fiction, Adult"
373,0684177730,"Mystery, Fiction, Crime, Mystery Thriller, Detective, British Literature, Thriller"
374,0684180200,[]
375,0743411269,"Romance, Fiction, Chick Lit, Contemporary, Mystery, Drama, Contemporary Romance"
376,0743470389,"Mystery, Fiction, LGBT, Thriller, Horror, M M Romance, Mystery Thriller"
377,076218857X,"Mystery, Fiction, Detective, Crime, Mystery Thriller, Audiobook, Classics"
378,0767905938,"Memoir, Nonfiction, Biography, Womens, Self Help, Biography Memoir, Autobiography"
379,0800706544,"Religion, Christian"
380,0801096677,"Biography, Church History"
381,0849953014,"Christian, Religion"
382,0891091963,"Christian, Counselling, Nonfiction, Psychology, Christian Living, Christianity, Spirituality"
383,0915811537,"Autistic Spectrum Disorder, Memoir, Nonfiction, Parenting, Psychology"
384,0927545373,"Theology, Nonfiction, Christianity, Christian, Religion"
385,1575024179,[]
386,1880185008,"Christian, Christianity, Church, Nonfiction, Christian Living"
387,0140345809,"Young Adult, Science Fiction, Fiction, Horror, Dystopia, Fantasy, Teen"
388,0156528207,"Classics, Fiction, Fantasy, Childrens, France, Philosophy, Young Adult"
389,0380012863,"Fiction, Classics, Philosophy, Fantasy, Spirituality, Inspirational, Self Help"
390,0451154916,"Reference, New Age, Nonfiction, Metaphysics"
391,0785815147,"Wicca, Nonfiction, Spirituality, Paganism, New Age, Religion, Witchcraft"
392,0875421288,"Witchcraft, Wicca, Nonfiction, Paganism, Reference, Spirituality, Magic"
393,1567184294,"Religion, Reference, Occult, Language, Nonfiction, Tarot, Paganism"
394,156718796X,"New Age, Nonfiction, Spirituality, Metaphysics"
395,1862047626,Nonfiction
396,0020437501,"Picture Books, Childrens, Animals, Fiction, Classics, Storytime, Humor"
397,0198320264,"Classics, Plays, Fiction, Drama, School, Historical Fiction, Read For School"
398,0373196989,"Harlequin, Contemporary Romance, Romance"
399,0373245580,"Romance, Silhouette, Contemporary Romance, Contemporary"
400,0451527747,"Classics, Fantasy, Fiction, Childrens, Young Adult, Literature, Adventure"
401,0671867113,"Mystery, Fiction, Suspense, Thriller, Mystery Thriller, Crime, Adult"
402,0812504208,"Classics, Fiction, Adventure, Historical Fiction, Young Adult, Literature, Childrens"
403,0060173289,"Fiction, Chick Lit, Contemporary, Adult Fiction, Southern, Adult, Historical Fiction"
404,0060973897,"Nonfiction, Memoir, History, Biography, Biography Memoir, Feminism, Autobiography"
405,006101351X,"Nonfiction, History, Adventure, Biography, Survival, Nature, Historical"
406,0140104682,"History, American History, Politics, Nonfiction, Feminism, Family, Gender and Sexuality"
407,0312143370,"Humor, Essays, Politics, Nonfiction, Comedy, Southern"
408,0316666343,"Fiction, Mystery, Young Adult, Contemporary, Fantasy, Crime, Thriller"
409,039456894X,"Fiction, Novels, Literature, Travel, Humor, Contemporary, Literary Fiction"
410,0440224675,"Horror, Fiction, Thriller, Crime, Mystery, Mystery Thriller, Suspense"
411,0449002632,"Historical Fiction, Fiction, Historical, British Literature, Novels, Travel, Unfinished"
412,0449213773,"Fiction, Canada, Literary Fiction, Contemporary, Novels, Canadian Literature, Literature"
413,0452279690,"Fiction, Queer, Novels, Southern, LGBT, Contemporary, Literary Fiction"
414,0553569058,"Fiction, Canada, Contemporary, Literary Fiction, Feminism, Literature, Novels"
415,0679427430,"Nonfiction, Memoir, Poetry, Biography, Essays, Autobiography, African American"
416,0679725393,"Classics, Fiction, Historical Fiction, Literature, American, Novels, New York"
417,0802114369,"Nonfiction, Memoir, History, Biography Memoir, Biography, Native Americans, Native American History"
418,0803233019,"History, Nonfiction, Biography, Memoir, Religion, Spirituality, Philosophy"
419,0819154946,[]
420,0897322339,[]
421,0940322978,"Fiction, Music, 20th Century, Comedy, The United States Of America, Literary Fiction, Literature"
422,1573225126,[]
423,1579651658,"Politics, Nonfiction"
424,1878424319,"Self Help, Nonfiction, Spirituality, Philosophy, Personal Development, Psychology, Inspirational"
425,8401351421,[]
426,8423324311,[]
427,8427007450,[]
428,8429734996,[]
429,8429736131,[]
430,8440616252,"Fiction, Womens"
431,8472224260,[]
432,8472227421,[]
433,8474103347,[]
434,8475960936,[]
435,8477830029,[]
436,8478091246,[]
437,8478097732,Fiction
438,8478098267,[]
439,8478800336,"Humor, Fiction, Feminism"
440,8478884963,"Fiction, Chick Lit, Romance, Ireland, Contemporary, Irish Literature, Adult Fiction"
441,8483002523,[]
442,8486433193,[]
443,0600586898,"Music, Biography"
444,1853260622,"Classics, Fiction, Historical Fiction, Russia, Russian Literature, Literature, War"
445,1857938011,[]
446,0060804157,"Psychology, Nonfiction, Philosophy, Mythology, Spirituality, Self Help, Gender"
447,8466601090,[]
448,0140382658,[]
449,0152012966,"Nonfiction, Animals"
450,0312283784,"Historical Fiction, Fiction, Civil War, Mystery, Historical, Adult Fiction, Chick Lit"
451,0345297709,"Fantasy, Fiction, Humor, Science Fiction Fantasy, Young Adult, Magic, Science Fiction"
452,0345313097,"Fantasy, Fiction, Humor, Science Fiction Fantasy, Young Adult, Magic, Science Fiction"
453,0345335465,"Fantasy, Science Fiction, Dragons, Fiction, Science Fiction Fantasy, Young Adult, High Fantasy"
454,0345416848,"Fantasy, Fiction, Epic Fantasy, Heroic Fantasy, High Fantasy, Historical Fiction, Science Fiction Fantasy"
455,0385333404,"Chick Lit, Fiction, Contemporary, Romance, Adult, Humor, Womens Fiction"
456,044021145X,"Fiction, Thriller, Mystery, Crime, Legal Thriller, Suspense, Mystery Thriller"
457,0449212084,"Mystery, Fiction, Crime, Mystery Thriller, Murder Mystery, Politics, Cozy Mystery"
458,0553582682,[]
459,0590947257,"Childrens, Fiction, Chapter Books, Middle Grade, Realistic Fiction, Juvenile, Divorce"
460,074345829X,Fantasy
461,0786913878,"Forgotten Realms, Fantasy, Fiction, Dungeons and Dragons, Science Fiction Fantasy, Adventure, Speculative Fiction"
462,0801491827,"History, Feminism, Nonfiction, Womens, Womens Studies, American History, School"
463,0816729913,[]
464,0843136685,"Humor, Fiction, Comedy, Art, Family"
465,0866119531,"Classics, Fiction, Animals, Childrens, Young Adult, Historical Fiction, Chapter Books"
466,0866119566,"Classics, Fiction, Childrens, Historical Fiction, Young Adult, Middle Grade, Novels"
467,0870441663,"Childrens, Science, Nonfiction"
468,1561561428,"Classics, Fiction, Horror, Science Fiction, Gothic, Fantasy, School"
469,0553210092,"Classics, Fiction, Historical Fiction, School, Literature, High School, Read For School"
470,0553258524,"Fantasy, Science Fiction, Dragons, Young Adult, Fiction, Science Fiction Fantasy, Adventure"
471,0688163726,"Horror, Young Adult, Childrens, Fiction, Fantasy, Ghosts, Paranormal"
472,1569471096,"Fiction, Chick Lit, Humor, New York"
473,055358099X,"Romance, Fiction, Chick Lit, Contemporary Romance, Contemporary, Womens Fiction, Novels"
474,0316168815,"Fiction, Mystery, Young Adult, Contemporary, Fantasy, Crime, Thriller"
475,014023828X,"Fiction, Contemporary, Book Club, School, Literary Fiction, Novels, Literature"
476,0316314927,"Fiction, Literary Fiction, Contemporary"
477,0345424719,"Fiction, Contemporary, Literature, Novels, Literary Fiction, American, Adult"
478,0375414746,"Fiction, Historical Fiction, Southern, Literary Fiction, Historical, Novels, Southern Gothic"
479,0375726403,"Fiction, Contemporary, Literary Fiction, Literature, Novels, Book Club, Adult Fiction"
480,0385503857,"Fiction, Science Fiction, Dystopia, Post Apocalyptic, Fantasy, Canada, Speculative Fiction"
481,0425156842,"Philosophy, Fiction, Classics, Young Adult, Novels, Fantasy, Literature"
482,0440226104,"Fiction, Contemporary, Adult Fiction, Chick Lit, Novels, Abuse, Drama"
483,0452277337,"Fiction, Chick Lit, France, Romance, Contemporary, Novels, Humor"
484,0553802488,"Horror, Fiction, Thriller, Mystery, Suspense, Mystery Thriller, Paranormal"
485,0671021001,"Fiction, Contemporary, Chick Lit, Adult Fiction, Coming Of Age, Novels, Adult"
486,0767903579,"Nonfiction, Memoir, China, Biography, Autobiography, History, Biography Memoir"
487,0805063897,"Nonfiction, Sociology, Politics, Economics, Memoir, Social Justice, Poverty"
488,0679777431,"Historical Fiction, Fiction, Historical, Scotland, Fantasy, Adventure, Romance"
489,0553285343,"Fiction, Thriller, Espionage, Mystery, Russia, Spy Thriller, Suspense"
490,0486285529,[]
491,0671002481,"Fiction, Chick Lit, Humor, Contemporary, Romance, Comedy, Media Tie In"
492,0812523385,"Poetry, Classics, Nonfiction, 19th Century, American, Literature, The United States Of America"
493,0895774666,[]
494,0020199090,"Christian Fiction, Fiction, Christian, Religion, Spirituality, Inspirational, Christianity"
495,0385495145,"Fiction, Christian, Religion, Spirituality"
496,0679733825,"Poetry, Nature, Nonfiction, Feminism, Short Stories, Essays, Womens"
497,0842329129,"Fiction, Christian, Christian Fiction, Fantasy, Religion, Thriller, Christianity"
498,0345451260,"Fiction, Chick Lit, Adult Fiction, Contemporary, Food, Humor"
499,0740700235,[]
500,0380973545,"Humor, Nonfiction, Comedy, Adult, American, Short Stories, The United States Of America"
501,0393321576,"Biography, History, Nonfiction, Politics, Philosophy, Economics, Sociology"
502,0743424425,"Horror, Fiction, Thriller, Classics, Fantasy, Paranormal, Mystery"
503,0786868015,"Horror, Fiction, Historical Fiction, Paranormal, Thriller, Supernatural, Mystery"
504,0446610178,"Fiction, Thriller, Mystery, Suspense, Mystery Thriller, Novels, Crime"
505,0684854953,"Christmas, Fiction, Holiday, Humor, Young Adult, Audiobook, Adult Fiction"
506,0743229878,"Historical Fiction, Fiction, Romance, Historical, Mystery, Adult, Presidents"
507,0380617625,"History, Nonfiction, Politics, Islam, Biography, Collections, Political Science"
508,0380732335,"Humor, Fiction, Mystery, Crime, Comedy, Thriller, Mystery Thriller"
509,0385337132,"Mystery, Fiction, Mystery Thriller, Suspense, Crime, Thriller, Detective"
510,0440235057,"Fiction, Crime, Mystery, Thriller, Novels, Mystery Thriller, Music"
511,0445402040,"Fiction, Crime, Thriller, Mystery, Action, Mystery Thriller, Israel"
512,0618119760,"Canada, Canadian Literature, Contemporary, Literary Fiction, Modern, Fiction"
513,0871138646,"Mystery, Historical Fiction, Thriller, Fiction, Espionage, Crime, Historical Mystery"
514,0026329859,"Cookbooks, Food, Cooking, Vegetarian, Reference, China"
515,0060621257,[]
516,0060915544,[]
517,0060917016,"Fiction, Short Stories, Contemporary, Literature, Adult, Literary Fiction, Adult Fiction"
518,0060925000,"Fiction, India, Historical Fiction, Indian Literature, Classics, Romance, Historical"
519,0060932759,"Historical Fiction, Fiction, Historical, Romance, Magical Realism, Novels, Literature"
520,0061000280,"Mystery, Fiction, Mystery Thriller, Thriller, Crime, Politics, Detective"
521,0192815318,"Classics, Fiction, Historical Fiction, 19th Century, Victorian, British Literature, Audiobook"
522,0312195516,"Historical Fiction, Fiction, Historical, Religion, Book Club, Feminism, Adult"
523,0380792664,"Mystery, Historical Fiction, Egypt, Historical Mystery, Fiction, Historical, Africa"
524,0393048977,Poetry
525,0399137807,"Mystery, Fiction, Cozy Mystery, Cats, Animals, Crime, Audiobook"
526,039914739X,"Mystery, Fiction, Crime, Thriller, Suspense, Mystery Thriller, Detective"
527,0451203046,"Fiction, Ireland, Chick Lit, Historical Fiction, Romance, Irish Literature, Womens Fiction"
528,0451410556,"Mystery, Fiction, British Literature, Crime, Detective, Audiobook, Cozy Mystery"
529,0451523318,"Classics, Fiction, Short Stories, Horror, Literature, Gothic, American"
530,0486281965,"Fiction, Classics, Short Stories, 19th Century, Historical Fiction, Literature, Novella"
531,0486292940,"Poetry, Classics"
532,051762639X,"Classics, Fiction, Victorian, 19th Century, Literature, Historical Fiction, British Literature"
533,0684824442,"Classics, Fiction, American, 20th Century, Novels, Literary Fiction, Literature"
534,0743458303,"Mystery, Fiction, Jewish, Judaism, Audiobook, Religion, Mystery Thriller"
535,081296666X,"Fiction, Humor, Comedy, Contemporary, British Literature, Chick Lit, Romance"
536,0819215635,"Religion, Nonfiction, Spirituality, Theology, Christian, Faith"
537,0880011025,"Poetry, Fiction, Polish Literature"
538,1561011525,[]
539,1877727083,"Poetry, Latin American Literature"
540,0486206173,Chess
541,0312278586,"Fiction, Chick Lit, Contemporary, Humor, Romance, Adult Fiction, Adult"
542,8845229041,"Fiction, Romance, Philosophy, Novels, Spirituality, Contemporary, Literature"
543,887641486X,"Fiction, Italy, Contemporary, Italian Literature, Literary Fiction, Novels, Womens"
544,0140370900,"Childrens, Fiction, Humor, Young Adult, Short Stories, Supernatural"
545,0674511255,"History, Biography, Civil War, Nonfiction, Presidents, War"
546,0030096189,"Science, Textbooks, Chemistry, Reference, Nonfiction"
547,0312965745,[]
548,0345374657,"Health, Food, Nonfiction, Cookbooks, Nutrition, Cooking, Environment"
549,0395710901,"Parenting, Education, Nonfiction, Psychology, Teaching, Business, Management"
550,080521061X,"Education, Parenting, Nonfiction, Teaching"
551,0823032612,"Art, Drawing, Nonfiction"
552,0679310002,"Fiction, Canada"
553,0312288115,"Chick Lit, Fiction, Humor, Adult, British Literature, Adult Fiction"
554,0316171107,"Fiction, Mystery, Mystery Thriller, Novels, Adult, Crime, Book Club"
555,0380710218,"Mystery, Crime, Fiction, Thriller, Mystery Thriller, Suspense, Murder Mystery"
556,0515118656,"Mystery, Romance, Thriller, Suspense, Fiction, Romantic Suspense, Mystery Thriller"
557,0553289063,"Fiction, True Crime, Mystery, Chick Lit, Romance, Novels, American"
558,0671000306,"Fiction, Adventure, Thriller, Action, Mystery, Suspense, Mystery Thriller"
559,0671673688,"Mystery, Fiction, Suspense, Thriller, Mystery Thriller, Crime, Adult"
560,1561672033,[]
561,0425178242,"Nonfiction, Essays, Humor, Journalism, Literary Fiction, American, Government"
562,0618173870,"Fiction, Historical Fiction, Contemporary, Novels, Literature, Literary Fiction, Magical Realism"
563,0156027321,"Fiction, Fantasy, Classics, Adventure, Contemporary, Magical Realism, Novels"
564,0375403582,"Fiction, Africa, Travel, Kenya, Romance, Contemporary, Novels"
565,0385721420,"Fiction, Book Club, Contemporary, Literary Fiction, Adult Fiction, Scotland, Novels"
566,0451202341,"Fiction, Contemporary, Coming Of Age, Adult Fiction, Family, Literary Fiction, Mystery"
567,0743418190,"Chick Lit, Fiction, Romance, Contemporary, Adult Fiction, Adult, Humor"
568,0385335407,"Romance, Fiction, Contemporary, Chick Lit, Drama, Love, Relationships"
569,0965746828,[]
570,0060923245,"Fiction, Novels, Contemporary, Literary Fiction, Literature, Adult, School"
571,0486272664,"Poetry, Classics, Fiction, Literature, British Literature, School, 18th Century"
572,0786015276,[]
573,0060913509,"Fiction, War, Historical Fiction, Novels, Young Adult, Coming Of Age, Southern"
574,0553272837,"Romance, Romantic Suspense, Mystery, Contemporary Romance, Fiction, Contemporary, Suspense"
575,0440225078,"Romance, Romantic Suspense, Mystery, Suspense, Fiction, Contemporary Romance, Contemporary"
576,0312145543,"Mystery, The United States Of America"
577,0425181111,"Horror, Fiction, Thriller, Suspense, Mystery, Science Fiction, Fantasy"
578,0380732688,"Mystery, Fiction, Crime, Thriller, Mystery Thriller, Suspense, Jewish"
579,0140286276,"Fiction, Mystery, Contemporary, Chick Lit, Adult Fiction, Drama, Adult"
580,0373484100,"Romance, Romantic Suspense, Fiction, Mystery, Contemporary Romance, Suspense, Crime"
581,0449907481,"Fiction, Literary Fiction, Contemporary, Literature, Novels, Family, Adult Fiction"
582,0553107305,"Mystery, Fiction, Cozy Mystery, Mystery Thriller, Food, Culinary, Cooking"
583,080213825X,"Chick Lit, Fiction, Contemporary, Romance, Adult Fiction, New York, Short Stories"
584,0515127833,"Romance, Romantic Suspense, Mystery, Fiction, Contemporary Romance, Suspense, Contemporary"
585,0345441133,"Fiction, Chick Lit, Romance, Contemporary, Drama, Womens Fiction, Adult Fiction"
586,0515134279,"Thriller, Horror, Fiction, Crime, Mystery, Mystery Thriller, Suspense"
587,0945586051,[]
588,0385490992,"Fiction, Thriller, Mystery, Legal Thriller, Crime, Suspense, Law"
589,0385424728,"Fiction, Thriller, Mystery, Legal Thriller, Crime, Suspense, Mystery Thriller"
590,0312980388,"Historical Fiction, Fiction, Egypt, Historical, Fantasy, Adventure, Thriller"
591,0590419625,"Picture Books, Childrens, Humor, Fiction, School, Fantasy, Back To School"
592,0385472951,"Fiction, Thriller, Mystery, Legal Thriller, Suspense, Crime, Mystery Thriller"
593,0451195663,"Horror, Thriller, Fiction, Suspense, Crime, Mystery, Canada"
594,0425182878,"Mystery, Fiction, Thriller, Crime, Mystery Thriller, Detective, Suspense"
595,0553564528,"Mystery, Thriller, Fiction, Suspense, Crime, Romantic Suspense, Mystery Thriller"
596,055356451X,"Mystery, Suspense, Fiction, Thriller, Crime, Romantic Suspense, Mystery Thriller"
597,0743412621,"Mystery, Fiction, Suspense, Thriller, Mystery Thriller, Crime, Romance"
598,0849943728,"Fiction, Christian Fiction, Thriller, Christian, Mystery, Suspense, Horror"
599,0849943450,"Christian Fiction, Fiction, Christian, Contemporary, Romance, Adventure, Suspense"
600,084994371X,"Christian Fiction, Fiction, Christian, Thriller, Fantasy, Suspense, Mystery"
601,0590406019,"Fantasy, Fiction, Classics, Young Adult, Childrens, Christian, Adventure"
602,0020442408,"Fantasy, Fiction, Classics, Young Adult, Childrens, Adventure, Christian"
603,0553225987,"Reference, Nonfiction, Business, Politics, Law, History, Classics"
604,042517736X,"Fiction, Science Fiction, Thriller, Mystery, Mystery Thriller, Medical, Suspense"
605,0671868713,"True Crime, Nonfiction, Crime, Mystery, Biography, Audiobook, Adult"
606,038549825X,"Fiction, African American, Romance, LGBT, Novels, M M Romance, Cultural"
607,0553202294,"Astrology, Nonfiction, Reference, Spirituality, Self Help, New Age, Psychology"
608,0345313860,"Horror, Fantasy, Vampires, Fiction, Paranormal, Supernatural, Gothic"
609,0345369947,"Horror, Fantasy, Fiction, Paranormal, Supernatural, Historical Fiction, Romance"
610,067170124X,Fiction
611,0345353625,"Fiction, Roman, Feminism, Contemporary, Womens, Novels, Chick Lit"
612,0308102282,"Self Help, Psychology, Nonfiction, Personal Development, Spirituality, Philosophy, Audiobook"
613,006017143X,"Fiction, LGBT, Mystery, Gay, Contemporary, Queer, Novels"
614,0805056491,"Nonfiction, Self Help, Productivity, Personal Development, Business, Reference, Psychology"
615,0679401377,"Horror, Fiction, Mystery, Thriller, Crime, Suspense, Mystery Thriller"
616,1562827049,"True Crime, Nonfiction, History, Crime, Mystery, Biography, Horror"
617,0385306032,"Romance, Fiction, Mystery, Chick Lit, Contemporary, Drama, Historical Fiction"
618,0816152446,"Fiction, Romance, Drama, Chick Lit, Historical Fiction, Womens Fiction, Contemporary"
619,0821772953,"Mystery, Thriller, Romantic Suspense, Suspense, Romance, Fiction, Crime"
620,0345379454,"Mystery, Fiction, Cozy Mystery, Mystery Thriller, Humor, Suspense, Adult"
621,0553576925,"Mystery, Paranormal, Romance, Suspense, Romantic Suspense, Fiction, Thriller"
622,0743206053,"Memoir, Nonfiction, Biography, Autobiography, Biography Memoir, Audiobook, Adult"
623,0688169678,"Nonfiction, Biography, History, Memoir, Essays, Feminism, Parenting"
624,0439319552,"Picture Books, Childrens, School Stories, School, Science Fiction, 1st Grade, Fiction"
625,0590870157,[]
626,0307001164,"Childrens, Picture Books, Animals, Fiction, Classics, Dogs, Adventure"
627,0440441501,"Childrens, Fiction, Juvenile"
628,0590687301,"Childrens, Fiction, Animals, Fantasy, Middle Grade, Chapter Books, Classics"
629,0439061644,"Science Fiction, Young Adult, Fiction, Fantasy, Aliens, Adventure, Middle Grade"
630,0439569842,"Picture Books, Dinosaurs, Childrens, Storytime, Fiction, Animals, Books About Books"
631,0307118703,"Childrens, Nonfiction, Space, Science"
632,0590418858,"Mystery, Fiction, Childrens"
633,030720152X,[]
634,0816728739,[]
635,0865050880,[]
636,0812519655,"Fantasy, Urban Fantasy, Fiction, Mystery, Romance, Paranormal, Adult"
637,0812524853,"Fantasy, Urban Fantasy, Paranormal, Mystery, Fiction, Horror, Magic"
638,0449211770,"Mystery, Fiction, Suspense, Mystery Thriller, Adventure, Cozy Mystery, Novels"
639,193072229X,"Politics, Nonfiction, Activism, Essays, Audiobook"
640,0812521129,"Fantasy, Urban Fantasy, Paranormal, Vampires, Fiction, Mystery, Supernatural"
641,0345251733,"Biography, Nonfiction, LGBT, Film"
642,1400077826,[]
643,0312995431,"Mystery, Fiction, Mystery Thriller, Crime, Audiobook, Contemporary, Romance"
644,0312312628,"Mystery, Fiction, Mystery Thriller, Audiobook, Crime, Romance, Contemporary"
645,0446394521,"Fiction, Humor, Southern, Chick Lit, Historical Fiction, Adult Fiction, Coming Of Age"
646,0590021117,"Classics, Historical Fiction, Childrens, Fiction, Young Adult, Historical, Middle Grade"
647,068484267X,"Nonfiction, Memoir, Biography, Classics, Ireland, Autobiography, Biography Memoir"
648,0553578693,"Mystery, Thriller, Suspense, Fiction, Crime, Mystery Thriller, Romantic Suspense"
649,0380709260,"Childrens, Fiction, Animals, Middle Grade, Cats, Chapter Books, Realistic Fiction"
650,0807565288,"Mystery, Childrens, Fiction, Middle Grade, Animals"
651,0312986769,"Mystery, Fiction, Mystery Thriller, Crime, Thriller, Audiobook, Romance"
652,0345413377,"Fantasy, Young Adult, Fiction, Childrens, Adventure, Science Fiction, Audiobook"
653,0345413369,"Fantasy, Young Adult, Fiction, Childrens, Adventure, Science Fiction, Audiobook"
654,0679893105,"Fantasy, Young Adult, Fiction, Childrens, Adventure, Science Fiction, Middle Grade"
655,0061096091,"Mystery, Crime, Thriller, Fiction"
656,0345369068,"Mystery, Fiction, Historical Fiction, Mystery Thriller, Southern, Suspense, Historical Mystery"
657,0451184718,"Mystery, Fiction, Historical Fiction, Mystery Thriller, Southern, Historical, Audiobook"
658,0449209121,"Mystery, Fiction, Adventure, Cozy Mystery, Audiobook, Espionage, Humor"
659,0060938455,"Nonfiction, Food, Health, Sociology, Politics, History, Science"
660,080411952X,"Romance, Romantic Suspense, Suspense, Military Fiction, Contemporary, Contemporary Romance, Fiction"
661,0060575808,"Fantasy, Young Adult, Middle Grade, Fiction, Fairy Tales, Childrens, Romance"
662,0060558865,"Fantasy, Young Adult, Fiction, Romance, Middle Grade, Childrens, Fairy Tales"
663,0767912918,"Memoir, Nonfiction, Biography, Health, Biography Memoir, Mental Health, Mental Illness"
664,0553298860,"Mystery, Dogs, Cozy Mystery, Animals, Fiction"
665,0385335679,"Fiction, Short Stories, New York, Book Club, Novels, Contemporary, Adult"
666,0440122090,"Fiction, Ireland, Chick Lit, Romance, Historical Fiction, Irish Literature, Contemporary"
667,0671525832,"Romance, Contemporary Romance, Romantic Suspense, Contemporary, Mystery, Fiction, Suspense"
668,0553279572,"Science Fiction, Short Stories, Fiction, Fantasy, Horror, Science Fiction Fantasy, Classics"
669,0061009059,"Mystery, Fiction, Humor, Chick Lit, Romance, Crime, Mystery Thriller"
670,0060930187,"Classics, Fiction, Feminism, Mental Health, Psychology, Literature, Mental Illness"
671,0516076272,[]
672,0679450432,"Mystery, Fiction, Thriller, Crime, Legal Thriller, Mystery Thriller, Suspense"
673,0821775863,"Romance, Suspense, Fiction, Contemporary Romance, Mystery"
674,0821770209,"Romance, Fiction, Contemporary Romance, Mystery, Suspense, Contemporary, Thriller"
675,0670855758,"Mystery, Childrens, Fiction, Crime"
676,0553562819,"Science Fiction, Cyberpunk, Fiction, Short Stories, Anthologies, Fantasy, Science Fiction Fantasy"
677,0446364193,"Mystery, Fiction, Thriller, Crime, Mystery Thriller, Suspense, Detective"
678,0446519138,"Self Help, Nonfiction, Spirituality, Inspirational, Personal Development, Psychology, Philosophy"
679,0425179672,"Fiction, Magical Realism, Mystery, Fantasy, Contemporary, Adult Fiction, Novels"
680,0061042943,"Mystery, Fiction, Thriller, Legal Thriller, Mystery Thriller, Suspense, Crime"
681,0399144463,"Nonfiction, Self Help, Business, Psychology, Leadership, Personal Development, Management"
682,0965404560,"Fiction, Historical Fiction, Classics, Romance, Historical, War, Literary Fiction"
683,006015781X,"Nonfiction, Reference, Trivia, Humor, Science, History, Education"
684,0060930705,"Short Stories, Fiction, Literary Fiction"
685,0312206763,"Chick Lit, Romance, Fiction, Contemporary Romance, Contemporary, British Literature, Audiobook"
686,0316116025,"History, Science, Nonfiction, Technology, History Of Science, Philosophy, Society"
687,0156013967,Short Stories
688,0385314019,"Mystery, Short Stories, Fiction, Anthologies, Crime, Mystery Thriller, Thriller"
689,0743444167,"Fiction, Romance, Humor"
690,0618231617,"Fiction, Contemporary, Novels, Literary Fiction"
691,1567920047,Design
692,0811203220,"Essays, Fiction, Classics, Literature, Philosophy, Short Stories, Novels"
693,1573229148,"Nonfiction, Poetry, Business, Self Help, Philosophy, Spirituality, Personal Development"
694,0787955671,Leadership
695,0425174484,"Memoir, Nonfiction, Biography, Parenting, Spirituality, Autobiography, Book Club"
696,0385496907,"Nonfiction, History, Africa, South Africa, Biography, Politics, Religion"
697,0446523992,"Nonfiction, History, Politics, Essays, Race, Biography, Philosophy"
698,0140185216,"Classics, Fiction, Travel, Literature, Novels, American, Adventure"
699,0684717255,"Philosophy, Religion, Nonfiction, Theology, Spirituality, Judaism, Psychology"
700,0486272745,"Classics, Philosophy, Nonfiction, Politics, History, Literature, Political Science"
701,8807120194,[]
702,0062507249,"Memoir, Nonfiction, LGBT, Gay, Biography, Queer, Biography Memoir"
703,0684801221,"Classics, Fiction, Literature, Novels, American, School, Adventure"
704,1576737357,"Young Adult, Christian Fiction, Christian, Fiction, Contemporary, Realistic Fiction, Teen"
705,0060083298,"Chick Lit, Romance, Fiction, Contemporary, Contemporary Romance, Adult Fiction"
706,0446672211,"Fiction, Chick Lit, Romance, Contemporary, Adult Fiction, Adult, Drama"
707,0140293248,"Fiction, Chick Lit, Short Stories, Contemporary, Romance, Adult Fiction, Humor"
708,0807070718,"Holocaust, Nonfiction, History, Memoir, World War II, Biography, Historical"
709,0743213831,"Fiction, Contemporary, Music"
710,0345305477,"Fiction, Science Fiction, Novels, Fantasy, Science Fiction Fantasy, 20th Century, Literature"
711,0061080519,"Romance, Historical Romance, Historical, Historical Fiction, Ireland, Irish Literature, Fiction"
712,0142000205,"Fiction, Historical Fiction, Adult Fiction, Contemporary, Coming Of Age, Novels, Chick Lit"
713,0316735027,"Fiction, Chick Lit, Contemporary, Humor, Novels, Adult Fiction, Literature"
714,193156146X,"Fiction, Romance, Fantasy, Time Travel, Science Fiction, Contemporary, Adult"
715,015600710X,"Fiction, Romance, Mystery, Contemporary, Chick Lit, Suspense, Drama"
716,0062517856,"Fiction, Romance, Contemporary, Chick Lit, Adult, Love Story, Adult Fiction"
717,0679767789,"Memoir, Nonfiction, Biography, Humor, Biography Memoir, Martial Arts, Coming Of Age"
718,0449911683,"Fiction, Classics, Historical Fiction, Jewish, Religion, Judaism, Literature"
719,0425169626,"Fiction, Contemporary, Politics, Novels, Romance"
720,0449207757,"Fiction, Jewish, Historical Fiction, Judaism, Religion, Classics, Literature"
721,0449245691,"Fiction, Jewish, Judaism, Religion, Classics, Historical Fiction, Literature"
722,0140029400,"Fiction, Literature, Novels, Nobel Prize, 20th Century, Contemporary, Politics"
723,0140021566,"Fiction, Humor, India, Novels, Nobel Prize, Classics, Indian Literature"
724,2253004022,"Fiction, France, Roman, Classics, French Literature, 20th Century, Novels"
725,2253005274,"Fiction, Classics, France, French Literature, 20th Century, Literature, Novels"
726,225300670X,"Classics, Fiction, Historical Fiction, War, Historical, Literature, School"
727,2266084372,"Fiction, Humor, Historical Fiction, Science Fiction, Roman, British Literature, Fantasy"
728,2070362388,"Science Fiction, Fiction, France, Roman, Classics, Dystopia, French Literature"
729,2266029460,"Travel, Nonfiction, Adventure, History, Biography, Memoir, Asia"
730,2253007102,"Poetry, Classics, France, French Literature, Fiction, 19th Century, Literature"
731,2070417743,"Science Fiction, Fiction, Classics, Short Stories, Fantasy, Science Fiction Fantasy, Audiobook"
732,2266033689,[]
733,2070384349,"Classics, France, French Literature, Fiction, 19th Century, Novels, Roman"
734,207053880X,"Fiction, Short Stories, Classics, France, Nature, French Literature, Philosophy"
735,2070334368,"France, Fiction, Classics, Childrens, French Literature, Adventure, Roman"
736,2290314951,"History, France, Nonfiction, Classics, Read For School"
737,229000510X,"Science Fiction, Fiction, Time Travel, Science Fiction Fantasy, Fantasy, Classics, Speculative Fiction"
738,3492207006,"Fiction, Historical Fiction, German Literature, Novels, Historical, Roman, Philosophy"
739,3499177757,[]
740,3889774016,[]
741,3502670005,[]
742,0905762487,[]
743,3499222604,[]
744,3746670055,[]
745,0140620427,"Classics, Fiction, Romance, Historical Fiction, Literature, Historical, Audiobook"
746,3596144434,[]
747,3442724686,[]
748,0385504209,"Fiction, Mystery, Thriller, Mystery Thriller, Historical Fiction, Suspense, Adventure"
749,0446525502,"Romance, Fiction, Chick Lit, Contemporary, Adult, Adult Fiction, Contemporary Romance"
750,0385500769,[]
751,0399147012,"Fiction, Thriller, Mystery, Action, Adventure, Suspense, Spy Thriller"
752,0670892963,"Chick Lit, Fiction, Romance, Humor, Contemporary, British Literature, Comedy"
753,0688180639,"Fiction, Contemporary, Historical Fiction, Adult Fiction, Family, Literary Fiction, Adult"
754,0316789089,"Fiction, Chick Lit, Mystery, Contemporary, Romance, Adult Fiction, Adult"
755,0451197275,"Fiction, Historical Fiction, War, Military Fiction, Historical, World War II, Media Tie In"
756,0425184129,"Humor, Fiction, Mystery, Comedy, Crime, Novels, Detective"
757,0151001006,"Fiction, Historical Fiction, Mystery, Historical, Literature, Novels, Literary Fiction"
758,0385505833,"Fiction, Christmas, Humor, Holiday, Contemporary, Adult, Adult Fiction"
759,0679442790,"Fiction, Historical Fiction, Classics, German Literature, Holocaust, Romance, Historical"
760,0525943862,"Fiction, African American, Romance, Urban, Adult, Erotica, Contemporary"
761,0609605925,"Fiction, Romance, Chick Lit, Contemporary, Contemporary Romance, Adult, Family"
762,0060191929,"Fiction, Chick Lit, Contemporary, Romance, Womens Fiction, Book Club, Womens"
763,0743206045,"Mystery, Fiction, Thriller, Suspense, Mystery Thriller, Crime, Murder Mystery"
764,0684864843,"Fiction, Romance, Chick Lit, Contemporary, Womens Fiction, Drama, Adult"
765,0684867818,"Fiction, Romance, Historical Fiction, Christian Fiction, Adult Fiction, Inspirational, Adult"
766,0743406176,"Romance, Fiction, France, Contemporary, Fantasy, Chick Lit, French Literature"
767,0380978539,Fiction
768,0679603352,"Fiction, Classics, Historical Fiction, Literature, Literary Fiction, Novels, Contemporary"
769,0679410430,"Classics, Fiction, Literature, Novels, Russia, Romance, Russian Literature"
770,0446523569,"Romance, Fiction, Chick Lit, Contemporary, Adult, Adult Fiction, Contemporary Romance"
771,0671042556,"Memoir, Nonfiction, Biography, Biography Memoir, Autobiography, Coming Of Age, Family"
772,0679450440,"Fiction, Mystery, Thriller, Politics, Crime, Legal Thriller, Suspense"
773,0140107649,"Fiction, Humor, Gay, LGBT, Queer, Gay Fiction, Comedy"
774,0609606727,"Fiction, Romance, Chick Lit, Contemporary, Humor, Adult, Contemporary Romance"
775,0446527793,"Romance, Fiction, Chick Lit, Contemporary, Adult, Adult Fiction, Contemporary Romance"
776,0446531332,"Romance, Fiction, Chick Lit, Contemporary, Adult, Adult Fiction, Contemporary Romance"
777,1570717257,"Fiction, Contemporary, Romance, Novels, Family, Chick Lit, Humor"
778,0060192631,Fiction
779,0385420161,"Fiction, Magical Realism, Romance, Historical Fiction, Classics, Fantasy, Food"
780,0345339711,"Fantasy, Classics, Fiction, Adventure, High Fantasy, Science Fiction Fantasy, Epic Fantasy"
781,052594463X,Fiction
782,039304016X,"Nonfiction, History, Adventure, Biography, Survival, Nature, Historical"
783,0399147128,"Romance, Fiction, Contemporary Romance, Romantic Suspense, Contemporary, Mystery, Suspense"
784,0670031046,"Fiction, Christian Fiction, Christian, Adult Fiction, Inspirational, Contemporary, Novels"
785,0394574745,"Fiction, Westerns, Historical Fiction, Classics, Literature, Novels, Literary Fiction"
786,0316969443,"Romance, Fiction, Chick Lit, Contemporary, Adult, Mystery, Adult Fiction"
787,0743230051,"Mystery, Christmas, Fiction, Mystery Thriller, Suspense, Holiday, Thriller"
788,0316693200,"Mystery, Fiction, Crime, Thriller, Mystery Thriller, Suspense, Murder Mystery"
789,0684868911,"Fiction, Romance, Christmas, Chick Lit, Adult Fiction, Christian Fiction, Inspirational"
790,0842336214,"Fiction, Christian, Christian Fiction"
791,0399148582,"Biography, Sports, Nonfiction, Autobiography, Memoir, Biography Memoir, American"
792,0684864320,"Romance, Fiction, Chick Lit, Contemporary Romance, Contemporary, Womens Fiction, Adult"
793,0525944834,"Fiction, African American, Romance, Urban, Contemporary, Adult, Erotica"
794,0345428900,"Romance, Contemporary, Contemporary Romance, Fiction, New York, Chick Lit, Medical"
795,0451176812,"Historical Fiction, Fiction, Prehistoric, Historical, Adult, Prehistory, Romance"
796,0671525794,[]
797,0718144538,"Mystery, Fiction, Thriller, Crime, Suspense, Mystery Thriller, British Literature"
798,0446602086,"Romance, Historical Fiction, Historical Romance, Historical, Fiction, Mystery, Westerns"
799,0394551427,"History, Holocaust, Nonfiction, Film, 20th Century, War, Politics"
800,0064407667,"Fiction, Young Adult, Childrens, Fantasy, Middle Grade, Mystery, Adventure"
801,0007100221,"Science Fiction, Humor, Fiction, Fantasy"
802,2253148539,"Short Stories, France, Fiction, Fantasy, French Literature, Modern, Classics"
803,2253043974,"Fiction, Classics, Magical Realism, School, Literature, Spanish Literature, Novels"
804,2020315491,[]
805,0747549923,"Fiction, Classics, New York, American, Novels, Literature, Contemporary"
806,0743462335,"Humor, Nonfiction, Comedy, Politics"
807,0140253580,"Fiction, Humor, Novels, Literature, British Literature, Psychology, Roman"
808,0947782141,"Horror, Paranormal, Nonfiction, History, Ghosts, Historical, Ghost Stories"
809,057120354X,"Childrens, Fiction, Humor, Middle Grade, Fantasy, Young Adult, Juvenile"
810,0349101779,"Fiction, Horror, Thriller, Contemporary, Mystery, Classics, Dark"
811,0743222229,"Nonfiction, Humor, Politics, History, Comedy, 21st Century"
812,185479549X,"Nonfiction, Humor"
813,0140292918,"Classics, Fiction, School, Historical Fiction, Literature, Read For School, Novels"
814,1854795554,[]
815,1858813093,"Picture Books, Childrens, Animals"
816,2871290911,"Bande Dessine, Comics, Graphic Novels, Mystery, Thriller, How To, Detective"
817,0198604025,"Reference, Nonfiction, Language, Writing, Dictionaries"
818,1842151053,[]
819,2253063339,"Science Fiction, Fiction, Fantasy, France, Roman, Animals, Novels"
820,1860198597,"Art, Reference, Nonfiction, Crafts, Drawing, How To"
821,0767908473,"Fantasy, Fiction, Reference, Magic, Young Adult, Mythology, Childrens"
822,1842040154,"Mythology, History, Nonfiction, Folklore, Religion, Reference, Ireland"
823,0140622063,"Fantasy, Classics, Fairy Tales, Short Stories, Fiction, Scotland, Folklore"
824,0571209521,"Childrens, Fiction, Humor, Fantasy, Middle Grade, Adventure, Mystery"
825,2264009306,"Poetry, France"
826,1841952931,"Poetry, Scotland"
827,0890877564,Cookbooks
828,1405200677,[]
829,0416196772,"Humor, Childrens, Fiction, Self Help, Philosophy, Reference, Young Adult"
830,0747538069,[]
831,0375501347,"Fiction, Literary Fiction, Contemporary, Coming Of Age, Novels, Adult Fiction, Family"
832,0060927240,"Fiction, Young Adult, Contemporary, Novels, Coming Of Age, Literature, Literary Fiction"
833,0316776963,"Nonfiction, Humor, Memoir, Essays, Short Stories, Comedy, Biography"
834,156341029X,"Queer, Fiction, LGBT, Feminism, Gender, Classics, Historical Fiction"
835,0060934719,"Fantasy, Fiction, Romance, Young Adult, Adventure, Magic, Audiobook"
836,1886383421,"Fantasy, Lesbian, LGBT, Romance, Lesbian Romance, Science Fiction, Queer"
837,1888451084,"Fiction, LGBT, Queer"
838,0451450256,"Fantasy, LGBT, Urban Fantasy, Fiction, Queer, Music, Science Fiction Fantasy"
839,1555835953,"Mystery, Lesbian, Fiction, Lesbian Fiction, LGBT, Fantasy"
840,0395877563,"Fiction, Queer, Mystery, LGBT, Gay"
841,0962893862,"Lesbian, Science Fiction, LGBT, Fantasy, Fiction, Queer, Post Apocalyptic"
842,1555834531,"Fiction, LGBT, Queer, Lesbian, Contemporary, Ireland, Romance"
843,0393318435,Memoir
844,0889740828,"Fiction, Gay, LGBT"
845,1563410443,"Nonfiction, Feminism, Queer, Essays, LGBT, Class, Memoir"
846,1563899388,"Graphic Novels, Comics, Manga, Fantasy, Fiction, Young Adult, Comic Book"
847,1563411148,Fiction
848,0553579681,"Mystery, Fiction, Lesbian, Crime"
849,0553579673,"Mystery, Fiction, LGBT, Scotland, Lesbian, Crime, Thriller"
850,0451181379,"Horror, Fiction, Thriller, Suspense, Mystery, Paranormal, Mystery Thriller"
851,0786889160,"Humor, Nonfiction, Comedy, Biography, Memoir, Autobiography, Comedian"
852,0345370740,"Fantasy, Fiction, Science Fiction Fantasy, Epic Fantasy, High Fantasy, Adventure, Magic"
853,0553574175,"Star Wars, Science Fiction, Fiction, Fantasy, Space Opera, Science Fiction Fantasy, Adventure"
854,0553574167,"Star Wars, Science Fiction, Fiction, Fantasy, Space Opera, Science Fiction Fantasy, Adventure"
855,0553574159,"Star Wars, Science Fiction, Fiction, Fantasy, Space Opera, Adventure, Science Fiction Fantasy"
856,0312287240,Fiction
857,0679801146,"Fantasy, Young Adult, Fiction, Magic, Adventure, Young Adult Fantasy, Middle Grade"
858,0446300101,"Fiction, Poverty, Literature, Adult Fiction, Novels, Contemporary, Literary Fiction"
859,0821750410,"Historical Romance, Romance, Historical, Westerns"
860,0425142485,"Horror, Fiction, Thriller, Suspense, Mystery, Supernatural, Mystery Thriller"
861,0451456548,"Fantasy, Mystery, Urban Fantasy, Music, Science Fiction, Elves"
862,0060006048,"Young Adult, Witches, Fantasy, Fiction, Paganism, Magic, Paranormal"
863,0312906552,"Science Fiction, Fiction, Dystopia, Classics, Science Fiction Fantasy, Space Opera, Speculative Fiction"
864,0440117291,"Science Fiction, Fantasy, Fiction, Post Apocalyptic, Hugo Awards, Speculative Fiction, Science Fiction Fantasy"
865,0425049981,"Science Fiction, Fiction, Fantasy, Science Fiction Fantasy, Speculative Fiction, Aliens, Space Opera"
866,0374386676,"Young Adult, LGBT, Fiction, Queer, Realistic Fiction, Contemporary, Gay"
867,0786886463,"Fiction, Mystery, LGBT, Gay, Horror, Thriller, Contemporary"
868,0345395379,"Science Fiction, Fiction, LGBT, Queer, Lesbian, Speculative Fiction, Cyberpunk"
869,0380788497,"Fantasy, Urban Fantasy, Fiction, Arthurian, Science Fiction Fantasy, Science Fiction, Mythology"
870,0307215342,"Mystery, Young Adult, Fiction, Childrens, Middle Grade, Mystery Thriller, Juvenile"
871,0374343381,"LGBT, Queer, Young Adult, Lesbian, Fiction"
872,0345403339,"Fiction, Southern, Contemporary, Historical Fiction, Adult Fiction, Literature, Spirituality"
873,0440226694,"Young Adult, Realistic Fiction, Abuse, Fiction, Middle Grade, Family, Cultural"
874,0440219604,"Young Adult, Realistic Fiction, Fiction, Middle Grade, Abuse, African American, Teen"
875,0767903285,"Nonfiction, Sports, Basketball, Memoir, Biography Memoir"
876,0345429176,"Nonfiction, History, Humor, Conspiracy Theories, Politics, Paranormal, Comedy"
877,038529929X,"Horror, Fiction, Thriller, Crime, Mystery, Mystery Thriller, Suspense"
878,1573229571,"Fiction, Contemporary, Humor, Novels, British Literature, Comedy, Adult"
879,0345418778,"Science Fiction, Fiction, Humor, Fantasy, Comedy, Science Fiction Fantasy, Classics"
880,0517201658,"Fiction, Historical Fiction, Romance, Classics, Australia, Historical, Historical Romance"
881,0743211383,"Horror, Fiction, Science Fiction, Thriller, Fantasy, Aliens, Supernatural"
882,039914370X,"Mystery, Fiction, Detective, Crime, Thriller, Mystery Thriller, Hard Boiled"
883,1884777805,Reference
884,0312977905,"Mystery, Cats, Animals, Fiction, Cozy Mystery"
885,0812521331,"Historical Fiction, Fiction, Historical, Fantasy, Prehistoric, Adventure, Prehistory"
886,0451205421,"Horror, Fiction, Thriller, Suspense, Mystery, Paranormal, Mystery Thriller"
887,0894342789,[]
888,0440218535,"Fiction, Mystery, Crime, Thriller, Denmark, Scandinavian Literature, Mystery Thriller"
889,0449207595,"Humor, Nonfiction, Comedy, Memoir, Essays, Biography, Adult"
890,8806142267,[]
891,0670844594,[]
892,039457513X,"Fiction, Historical Fiction, Crime, Literary Fiction, American, Literature, Novels"
893,0394559487,"History, Nonfiction, France, French Revolution, European History, Politics, World History"
894,0804001944,"Fiction, Historical Fiction, Westerns, Classics, Native Americans, American History, Cultural"
895,0590897985,"Young Adult, Fiction, Animals, Childrens, Middle Grade, Realistic Fiction, Fantasy"
896,0689832877,"Fantasy, Young Adult, Animals, Fiction, Childrens, Middle Grade, Adventure"
897,0689829698,"Historical Fiction, Childrens, Classics, Fiction, Young Adult, Middle Grade, Historical"
898,0439042917,"Science Fiction, Young Adult, Fiction, Fantasy, Childrens, Aliens, Middle Grade"
899,0064409457,"Fantasy, Fiction, Classics, Young Adult, Childrens, Christian, Adventure"
900,0064405052,"Fantasy, Classics, Fiction, Young Adult, Childrens, Middle Grade, Adventure"
901,043922165X,"Fantasy, Middle Grade, Magic, Childrens, Fiction, Young Adult, Adventure"
902,0152162445,[]
903,0152162577,"Fantasy, Young Adult, Fiction, Magic, Urban Fantasy, Childrens, Middle Grade"
904,015216250X,"Fantasy, Young Adult, Fiction, Magic, Urban Fantasy, Middle Grade, Childrens"
905,1562477528,"Childrens, Fiction, Music, Teen, Juvenile, Middle Grade, Realistic Fiction"
906,0439221676,"Fantasy, Middle Grade, Childrens, Magic, Fiction, Young Adult, Adventure"
907,0439221684,"Fantasy, Middle Grade, Childrens, Fiction, Magic, Young Adult, Adventure"
908,0439221714,"Fantasy, Middle Grade, Fiction, Magic, Childrens, Unicorns, Young Adult"
909,0439221706,"Fantasy, Middle Grade, Fiction, Magic, Childrens, Young Adult, Adventure"
910,0439221730,"Fantasy, Middle Grade, Fiction, Magic, Childrens, Young Adult, Adventure"
911,0440415993,"Historical Fiction, Young Adult, Historical, Fiction, China, School, Cultural"
912,0895872102,"Nonfiction, Paranormal, History, Ghost Stories, Ghosts"
913,068983585X,"Realistic Fiction, Fiction, Childrens, Middle Grade, School, Young Adult, Family"
914,0345391802,"Science Fiction, Fiction, Humor, Classics, Fantasy, Comedy, Science Fiction Fantasy"
915,0440219078,"Young Adult, Fiction, Classics, Dystopia, Science Fiction, Fantasy, School"
916,185424597X,"Biography, Christian, Nonfiction, Christianity, China, Faith, Memoir"
917,2080105434,History
918,349913358X,[]
919,3257201761,"Fiction, Crime, Mystery, Thriller, Greece, Noir, Suspense"
920,3404121686,"Fiction, Historical Fiction, Thriller, Mystery, Historical, Suspense, Adventure"
921,3404118960,"Historical Fiction, Fiction, Historical, Fantasy, Classics, Medieval, Audiobook"
922,0345356578,"Fantasy, Fiction, Science Fiction Fantasy, Science Fiction, Epic Fantasy, High Fantasy, Romance"
923,0345346971,"Fantasy, Fiction, Science Fiction Fantasy, Romance, Science Fiction, High Fantasy, Epic Fantasy"
924,0753804700,"Fiction, Historical Fiction, Classics, German Literature, Holocaust, Romance, Historical"
925,0451155750,"Horror, Fiction, Thriller, Fantasy, Science Fiction, Paranormal, Mystery"
926,0786890436,"Horror, Fiction, Historical Fiction, Paranormal, Thriller, Supernatural, Mystery"
927,0415928087,[]
928,0521427150,History
929,0812923278,"History, Nonfiction, Economics, American History, Politics, The United States Of America, Grad School"
930,0884111342,"Horror, Classics, Fiction, Gothic, Fantasy, Mystery, Literature"
931,0345428544,"Star Wars, Science Fiction, Fiction, Fantasy, Science Fiction Fantasy, Space Opera, War"
932,0671694049,"Fiction, Fantasy, Science Fiction, Humor, Mystery, Comedy, Science Fiction Fantasy"
933,080901582X,"Short Stories, African American, Classics, Fiction, Literature"
934,0449006557,"Mystery, Historical Fiction, Historical Mystery, Fiction, Historical, Mystery Thriller, Crime"
935,0373250339,[]
936,0380820447,"Chick Lit, Romance, Fiction, Contemporary, Humor, Womens Fiction, Indonesian Literature"
937,0385497679,"History, Nonfiction, American History, Quilting, Race, African American, Civil War"
938,0451454243,"Fantasy, Fiction, Historical Fiction, Arthurian, Historical, Science Fiction Fantasy, Mythology"
939,0941423042,"Poetry, Anthologies"
940,0373871562,"Love Inspired, Romance, Christian Romance, Christian Fiction"
941,0553101439,"Westerns, Short Stories, Fiction, Historical Fiction, Action, Audiobook, Novels"
942,0898151910,[]
943,0835949362,"Business, Nonfiction"
944,0880701102,"Christian, Religion, Nonfiction, Christian Living, Christianity, Christian Non Fiction"
945,039914563X,"Fiction, Thriller, Espionage, Military Fiction, Action, Suspense, Adventure"
946,0312853238,"Science Fiction, Young Adult, Fantasy, Classics, Science Fiction Fantasy, Dystopia, War"
947,0688048730,"Writing, Reference, Nonfiction, Self Help"
948,0425161722,"Fiction, Thriller, Science Fiction, Action, Espionage, Mystery, Adventure"
949,0385493800,"Fiction, Thriller, Mystery, Legal Thriller, Suspense, Crime, Mystery Thriller"
950,0849916399,[]
951,1928791107,[]
952,067175145X,"Politics, Nonfiction, Philosophy, Political Science, Humor, Autobiography, Biography"
953,0440211727,"Fiction, Mystery, Thriller, Crime, Suspense, Legal Thriller, Mystery Thriller"
954,0877192820,[]
955,0380002450,"Classics, Fiction, Feminism, School, Literature, Historical Fiction, Read For School"
956,0793133955,[]
957,0394178017,"Poetry, Anthologies"
958,0425134350,"Fiction, Thriller, Mystery, Suspense, Espionage, Action, Military Fiction"
959,0385479689,"Nonfiction, Science, True Crime, Anthropology, Crime, Medical, Death"
960,0380754851,[]
961,0380538504,"Historical Fiction, Young Adult, Fiction, Historical, Romance, Mystery, Childrens"
962,044661162X,"Mystery, Fiction, Crime, Thriller, Suspense, Mystery Thriller, Detective"
963,0671742566,"Romance, Contemporary Romance, Contemporary, Fiction, Historical Romance, Chick Lit, Adult"
964,0515122408,"Mystery, Fiction, Cozy Mystery, Cats, Animals, Crime, Audiobook"
965,0440222818,"Mystery, Fiction, Thriller, Legal Thriller, Crime, Mystery Thriller, Suspense"
966,0451204050,"Historical Fiction, Fiction, Civil War, Historical, Novels, War, American History"
967,038533334X,"Fiction, Contemporary, Literary Fiction, Novels, Irish Literature, Book Club, Ireland"
968,0449131548,"Fiction, Romance"
969,0440120470,"Fiction, Novels"
970,0451188209,"Mystery, Fiction, Cozy Mystery, Crime, Mystery Thriller, Tv, Media Tie In"
971,0440130913,"Fiction, Historical Fiction, Romance, Drama, Family, Historical, Jewish"
972,0449001954,"Mystery, Fiction, Crime, Mystery Thriller, Thriller, Adult Fiction, Cozy Mystery"
973,0345404777,"Fiction, Thriller, Mystery, Legal Thriller, Politics, Crime, Suspense"
974,0451185277,"Fiction, Contemporary, Chick Lit, Romance, Drama, Contemporary Romance, Womens Fiction"
975,0440224829,"Romance, Fiction, Historical Fiction, Historical, Chick Lit, Novels, Contemporary"
976,0671779338,"Romance, Historical Romance, Historical, Historical Fiction, Fiction, Scotland, Own"
977,0515134368,"Romance, Historical Romance, Historical, Medieval, Historical Fiction, Fiction, Medieval Romance"
978,0380759497,"Fantasy, Fiction, Humor, Science Fiction Fantasy, Young Adult, Science Fiction, Magic"
979,3442098424,"Horror, Fantasy, Vampires, Fiction, Paranormal, Supernatural, Gothic"
980,0394578791,"Biography, Nonfiction, Memoir, Journalism, History, Autobiography, Biography Memoir"
981,1558505377,"Christmas, Fiction, Historical Fiction, Theatre, Holiday, Fantasy, Plays"
982,0373245696,Romance
983,0743201078,"Nonfiction, Gender, Sociology, Psychology"
984,068983571X,"Classics, Mystery, Fiction, Crime, Detective, Mystery Thriller, Thriller"
985,0553256785,"Mystery, Fiction, Crime, Classics, Mystery Thriller, Detective, British Literature"
986,0892967994,"Mystery, Fiction, Mathematics, Mystery Thriller"
987,0061064505,"Horror, Childrens"
988,1551668785,"Romantic Suspense, Mystery"
989,0836230868,[]
990,0381999866,"Science, Mathematics"
991,0380817144,"Mystery, Historical Fiction, Fiction, Historical, Egypt, Historical Mystery, Adventure"
992,0380752115,"Historical Romance, Romance, Historical, Historical Fiction, Regency, Fiction, British Literature"
993,0553212583,"Classics, Fiction, Romance, Gothic, Literature, Historical Fiction, 19th Century"
994,0446364762,"Fiction, Thriller, Mystery, Romance, Suspense, Mystery Thriller, Contemporary"
995,0425166619,"Fiction, Thriller, Mystery, Medical, Suspense, Science Fiction, Mystery Thriller"
996,061312975X,"Fiction, Christian Fiction, Christian, Fantasy, Thriller, Religion, Spirituality"
997,0765341972,"Nonfiction, Paranormal, Horror, Mystery, History, Supernatural, Cryptozoology"
998,0590514776,"Buffy The Vampire Slayer, Nonfiction"
999,0373037430,"Harlequin, Romance"
