id,Address,zipcode
1,3 Canary Avenue,84757
2,3218 Arrowood Plaza,10594
3,816 8th Crossing,56356
4,74984 Onsgard Junction,28539
5,52200 Lillian Parkway,93662
6,3330 Darwin Crossing,00921
7,56 Loftsgordon Parkway,53103
8,6 Oneill Hill,53577
9,48 Superior Drive,01844
10,9105 Superior Lane,85281
11,530 Muir Alley,63665
12,3 Clemons Pass,75241
13,967 Arapahoe Lane,93728
14,93429 Corry Center,66612
15,9471 Tomscot Pass,90842
16,6 Milwaukee Avenue,08001
17,64 Fallview Junction,34442
18,47591 Pine View Point,13485
19,2337 Grayhawk Circle,80532
20,997 Columbus Road,86040
21,414 Superior Drive,95018
22,93 Glacier Hill Place,26203
23,48319 Amoth Street,53923
24,41 Novick Drive,73169
25,7 Miller Way,13749
26,285 Lawn Court,32040
27,348 Tennessee Street,28302
28,8 Declaration Place,75834
29,339 Merchant Alley,44822
30,307 Lotheville Pass,41754
31,53404 Killdeer Point,78683
32,14523 Corben Hill,67456
33,9 Hermina Crossing,13290
34,565 Chive Terrace,41366
35,7 Reindahl Hill,14010
36,2616 Golf View Alley,95570
37,21964 Pepper Wood Avenue,37950
38,1343 Mendota Crossing,91333
39,2897 Lien Trail,45646
40,81961 Prairieview Lane,39182
41,10 Armistice Junction,76849
42,844 Westridge Place,30528
43,6665 Nobel Street,41135
44,559 Trailsway Hill,19146
45,5391 Pawling Avenue,30277
46,142 Emmet Park,98637
47,13 Luster Point,10159
48,731 Maryland Court,89422
49,163 Vernon Alley,53147
50,115 Acker Crossing,77435
51,59515 Goodland Drive,16872
52,13 Merry Center,72390
53,040 Montana Circle,95712
54,4 Mallory Drive,24502
55,403 Crescent Oaks Point,43316
56,7 Loftsgordon Lane,92596
57,6 Laurel Place,24558
58,61406 Jay Place,45636
59,0 Erie Way,13235
60,3 Village Parkway,79013
61,55594 Straubel Terrace,13777
62,94 Mandrake Terrace,94150
63,1378 Main Way,25534
64,9792 Rieder Junction,09099
65,08622 Evergreen Plaza,41219
66,9 Harbort Terrace,80442
67,29 Waxwing Circle,00751
68,522 Northridge Court,97068
69,979 Little Fleur Lane,02887
70,1653 Quincy Alley,33192
71,20 Vera Park,05468
72,07510 Main Center,91021
73,31 4th Circle,18935
74,12 Old Gate Point,92350
75,8 Green Terrace,02051
76,228 Acker Street,62027
77,8 Stone Corner Plaza,20128
78,56899 Hoepker Court,57626
79,49 Hovde Way,92331
80,7393 Fallview Parkway,68340
81,8 Lake View Park,61282
82,1581 Pierstorff Avenue,10008
83,38647 Lakeland Junction,46236
84,8 John Wall Park,34430
85,8 Prairie Rose Place,94903
86,9 Lyons Terrace,13736
87,6 Sloan Terrace,30310
88,56950 Sloan Lane,52776
89,45952 Butternut Pass,15681
90,20 Russell Terrace,13088
91,27 Clove Circle,06475
92,10 Elka Point,53705
93,04 West Pass,21758
94,50 Sloan Alley,93061
95,0 Alpine Place,92111
96,06005 Gina Road,59873
97,16582 Kingsford Park,38564
98,4529 North Pass,82939
99,3 Claremont Trail,72075
100,11 Sundown Trail,30916
101,9 Haas Parkway,39043
102,972 Texas Parkway,11105
103,91 Sundown Hill,77389
104,2 Lakewood Plaza,91504
105,8876 Hauk Hill,12544
106,692 Schlimgen Trail,19954
107,8552 Meadow Ridge Crossing,95864
108,33 Sheridan Parkway,71970
109,5 Del Sol Hill,38311
110,0 Rusk Way,15942
111,8 Pond Street,93258
112,727 Erie Pass,35203
113,545 Eagle Crest Park,15760
114,60409 Melby Junction,29204
115,59 Oneill Road,45881
116,49146 Bultman Plaza,80482
117,981 Beilfuss Avenue,59925
118,837 Ohio Circle,01822
119,4 Mayer Avenue,27537
120,199 Sage Drive,54933
121,73 Sullivan Road,67564
122,4894 Eagan Way,58016
123,1012 Doe Crossing Street,24421
124,3 Sheridan Terrace,99352
125,868 Roth Drive,71670
126,9 Lighthouse Bay Road,20310
127,9 Harper Trail,89152
128,7432 Jenifer Junction,09507
129,6433 Crest Line Hill,70058
130,27 Sheridan Lane,63339
131,06 Tony Avenue,16059
132,25 Clarendon Center,50207
133,650 Hintze Avenue,50556
134,2 Tennyson Circle,75636
135,70 Park Meadow Terrace,83436
136,22 Cody Plaza,56136
137,7359 Del Sol Alley,83868
138,313 Manufacturers Pass,17535
139,3687 Fulton Center,41171
140,1 Northridge Lane,72635
141,3934 Grayhawk Hill,07510
142,1 Schmedeman Crossing,49115
143,3 Bowman Pass,10168
144,77 Toban Plaza,70437
145,8301 Burrows Street,56169
146,459 Colorado Place,40077
147,7 Buhler Hill,08036
148,003 Mariners Cove Court,35266
149,83 Killdeer Circle,31502
150,3358 American Ash Parkway,82210
151,30 Moland Point,64745
152,71 Eastlawn Court,75711
153,5 Mayfield Alley,80731
154,05 Cherokee Center,67432
155,56134 Lake View Road,62711
156,6 Karstens Plaza,85625
157,4708 Vera Point,99510
158,0 Village Crossing,99668
159,92 Commercial Point,59639
160,9 Sheridan Center,74567
161,1672 Sugar Terrace,46861
162,4374 John Wall Avenue,40446
163,944 Darwin Point,22932
164,4925 Cherokee Street,51047
165,4952 Iowa Terrace,26546
166,8496 Nobel Trail,31061
167,277 Banding Trail,76483
168,462 Fremont Junction,72365
169,07 Bashford Point,25632
170,7748 Summerview Alley,89104
171,1 Meadow Vale Parkway,95466
172,3 Scoville Junction,07930
173,839 Dakota Point,22833
174,81 Havey Place,81210
175,6632 Thackeray Point,47957
176,63 Ruskin Crossing,47916
177,6 Bashford Hill,27842
178,55827 Huxley Place,60502
179,27704 Spenser Alley,77334
180,539 Colorado Crossing,97384
181,7 Novick Pass,30042
182,50389 Vidon Street,45612
183,0579 Orin Park,77249
184,742 Granby Terrace,30753
185,51 Petterle Crossing,98604
186,266 Talisman Point,31553
187,704 Scott Court,96754
188,61293 Grim Plaza,98327
189,754 Towne Street,71119
190,19466 Di Loreto Parkway,51044
191,1 Mandrake Point,47863
192,8 Parkside Crossing,30154
193,5 Continental Park,18051
194,92616 Butternut Hill,48651
195,653 Redwing Park,91803
196,54 John Wall Way,65259
197,3 Fuller Way,15549
198,15 Farmco Park,11722
199,39940 Mesta Hill,37224
200,2 Scoville Terrace,68073
201,35101 Waxwing Park,43615
202,8 Crownhardt Center,18321
203,027 Sachs Point,37754
204,1 Fuller Center,50158
205,3578 Swallow Place,33853
206,794 Eagan Place,17823
207,9 5th Street,95207
208,3 Fieldstone Plaza,62961
209,597 Scott Way,15210
210,18 Oak Lane,91364
211,5984 Trailsway Street,54903
212,52902 Pawling Road,34688
213,5 Schurz Way,78709
214,44891 Judy Drive,96840
215,175 Northport Plaza,68701
216,69828 Heath Drive,09728
217,86 Novick Drive,62526
218,62334 Pawling Avenue,94571
219,8061 Harper Center,15133
220,8740 Sachs Road,83523
221,8691 Warbler Pass,94955
222,43 Cascade Court,68843
223,89 Crest Line Avenue,12438
224,43 Oak Valley Park,60095
225,4 Towne Junction,92392
226,662 Milwaukee Point,01930
227,87 Monterey Crossing,75252
228,63944 Pierstorff Alley,98596
229,9 Eagan Drive,22315
230,6210 Calypso Junction,16617
231,74363 Garrison Hill,96007
232,09047 Sutherland Parkway,22845
233,466 Banding Park,02858
234,3 Bluejay Center,11247
235,161 Moland Parkway,61625
236,65 Mariners Cove Road,38139
237,80569 Golf View Pass,78013
238,32 Stephen Plaza,49228
239,80 5th Hill,58734
240,132 Springview Terrace,00698
241,3591 Pawling Point,82002
242,546 Loomis Junction,28587
243,1 Mesta Park,53969
244,0 Farwell Center,27616
245,94 Crowley Pass,97067
246,186 Dottie Avenue,61526
247,7778 Corscot Junction,58563
248,56525 Alpine Circle,68743
249,88 Northview Place,57329
250,76 Mccormick Road,07762
251,374 Crest Line Court,36832
252,6 Jana Way,64127
253,47803 Claremont Road,68716
254,8885 Division Avenue,97634
255,0898 Eggendart Pass,77030
256,097 Morningstar Trail,55356
257,432 Anderson Place,17415
258,44071 Calypso Center,81054
259,141 Lakewood Junction,26601
260,588 Weeping Birch Circle,77083
261,58246 Westerfield Court,02468
262,76 Truax Pass,28041
263,7057 Bellgrove Court,15557
264,6 Oakridge Lane,61840
265,7 Pepper Wood Parkway,46365
266,516 Twin Pines Terrace,43516
267,5 South Lane,13323
268,3 Lakeland Junction,61039
269,08232 Old Shore Place,54016
270,177 Vernon Park,30660
271,866 Mendota Lane,28736
272,4 Valley Edge Avenue,16827
273,8 Di Loreto Pass,70743
274,43868 Main Place,43115
275,879 Hanson Court,90241
276,873 Browning Hill,36852
277,4 Pawling Lane,30732
278,629 Logan Alley,04669
279,0857 Menomonie Hill,39429
280,4845 Karstens Road,47986
281,920 Ohio Avenue,17925
282,898 Milwaukee Way,48195
283,79172 Melvin Circle,58108
284,1 8th Circle,33487
285,86493 Butterfield Court,02740
286,0 Sutteridge Street,25007
287,992 Lakeland Alley,62875
288,64917 Truax Lane,97355
289,23153 Blue Bill Park Plaza,02535
290,1096 Roxbury Alley,66770
291,125 Del Sol Center,29334
292,2217 Sloan Hill,43451
293,5461 Boyd Parkway,90037
294,446 Heath Junction,37732
295,76947 Marquette Way,97322
296,707 Pearson Parkway,96649
297,0595 Riverside Place,67124
298,805 Bartelt Way,56011
299,4910 Barnett Drive,11784
300,75460 Crownhardt Circle,50482
301,56324 Heffernan Alley,18651
302,9623 Laurel Place,82729
303,3867 Parkside Trail,66542
304,2324 Aberg Pass,46537
305,433 Lien Crossing,06794
306,2229 Ryan Street,55398
307,485 Lakewood Center,62885
308,5864 Clemons Point,93308
309,11 West Circle,80203
310,04309 Judy Hill,29681
311,035 Hintze Hill,76036
312,1477 Gateway Alley,03247
313,262 Logan Street,95376
314,56 Atwood Circle,14450
315,77973 Helena Terrace,61346
316,73047 Mitchell Pass,10475
317,383 Longview Way,58235
318,8286 Waubesa Street,25071
319,8635 Leroy Trail,33927
320,75344 Vahlen Street,99349
321,804 Green Crossing,44473
322,05 Rusk Drive,22637
323,14 Del Mar Court,74650
324,2 Mayfield Hill,05676
325,61 Oakridge Plaza,10918
326,11 Ilene Lane,56757
327,440 Helena Trail,20896
328,5731 Oak Alley,92248
329,98 Swallow Parkway,68328
330,5 Green Ridge Center,97457
331,19 Utah Plaza,07444
332,60 Grover Point,46151
333,9356 Lawn Circle,97882
334,8284 Mitchell Hill,87936
335,809 Transport Street,14860
336,22 Towne Road,27313
337,14 Carioca Park,97737
338,33 Brickson Park Hill,70438
339,00 Manley Point,77975
340,0 Dunning Plaza,14626
341,9097 Pearson Drive,85733
342,8371 Chinook Avenue,49286
343,2660 Bowman Point,54729
344,9 Mcbride Terrace,08871
345,292 Sheridan Road,80535
346,18654 Haas Court,97828
347,27 Lakewood Gardens Way,28230
348,545 Pawling Park,13696
349,0 Pankratz Circle,22108
350,7 Bunker Hill Court,94514
351,3371 Nelson Place,17841
352,345 Hagan Road,16328
353,4 Blaine Hill,60096
354,53 Butternut Avenue,33484
355,496 Londonderry Pass,56589
356,538 Waxwing Point,65440
357,51132 Ronald Regan Alley,30179
358,28 Logan Crossing,49130
359,23421 Main Hill,21813
360,23 Lindbergh Alley,36618
361,78138 Scott Park,15720
362,45 Village Green Plaza,64477
363,7 Tony Pass,30342
364,9687 Kim Avenue,55972
365,9630 Portage Place,47110
366,96755 Grim Street,06118
367,7997 Summer Ridge Alley,58052
368,8 Daystar Center,91747
369,04692 North Crossing,99125
370,8460 Summerview Avenue,92567
371,4734 Petterle Parkway,36049
372,56 Bowman Road,32091
373,5 Hanson Crossing,61501
374,9748 Susan Crossing,98417
375,87863 American Ash Junction,21523
376,7662 Mcguire Place,27055
377,6 Mockingbird Circle,99613
378,36 Summit Pass,04421
379,63 Sommers Hill,21801
380,79000 Crowley Court,18614
381,45 Forster Crossing,65240
382,9 Knutson Pass,38643
383,1 Canary Park,37710
384,7 Sundown Road,04756
385,57085 Hovde Way,24651
386,2879 Hoard Court,62898
387,6045 Continental Pass,40115
388,6 Londonderry Road,21606
389,04883 Summer Ridge Park,74008
390,21 Briar Crest Trail,85636
391,373 Hallows Parkway,74072
392,7723 Hansons Crossing,22513
393,93 Village Green Crossing,48017
394,76834 Hermina Place,38345
395,5 Orin Trail,76820
396,998 Schiller Road,82071
397,10 Schiller Circle,23240
398,6 Grayhawk Lane,45363
399,7 Browning Avenue,94615
400,9118 Hallows Street,24586
401,179 Kinsman Avenue,19709
402,9 Ridgeway Drive,52540
403,74568 Debs Avenue,95341
404,4 Carberry Junction,17011
405,01 Ridge Oak Terrace,33571
406,074 Talmadge Point,44094
407,54 Lawn Junction,85706
408,27 Debs Center,32613
409,42 Sundown Terrace,93613
410,0706 Darwin Center,47108
411,6432 Kedzie Avenue,03750
412,50681 Lillian Terrace,49633
413,1660 Messerschmidt Lane,63651
414,36 Manufacturers Court,20572
415,43181 Clarendon Street,09511
416,77 Rusk Road,71043
417,507 Warrior Circle,29569
418,9956 Moland Plaza,44111
419,4 Kenwood Park,03848
420,9604 Loeprich Terrace,06405
421,738 Hovde Pass,47710
422,9 Pankratz Way,61822
423,42 Arkansas Lane,12732
424,7 Westend Park,95019
425,34 Graedel Point,89021
426,6223 Canary Court,14305
427,25 Lunder Street,64021
428,5850 Rowland Terrace,12085
429,7 Bonner Road,96051
430,47753 Village Green Avenue,56470
431,82 Kenwood Junction,19468
432,1382 Pond Street,59078
433,2193 Nova Point,74158
434,05 Debs Plaza,20515
435,9 Pierstorff Plaza,74501
436,48594 Meadow Vale Hill,35674
437,03 Daystar Way,12183
438,84 4th Junction,63540
439,7 Bayside Trail,22408
440,34 Hoffman Avenue,48846
441,0 Mitchell Parkway,72564
442,6 Fisk Pass,96755
443,86897 Dexter Street,05672
444,5 Debra Place,07738
445,5 Jenifer Lane,83839
446,88 Becker Parkway,98224
447,89 Crest Line Way,50168
448,630 Continental Crossing,72776
449,4 Bayside Parkway,54964
450,6 Gerald Avenue,59831
451,653 East Terrace,30441
452,84 Butterfield Court,41224
453,3490 Meadow Vale Drive,42217
454,73 Stephen Way,55577
455,27609 Tony Pass,25323
456,4645 Stone Corner Place,15209
457,3108 Kropf Crossing,53560
458,00 Southridge Pass,14240
459,04 Kennedy Place,63964
460,47 Eastwood Hill,12935
461,1 Evergreen Way,10707
462,77 Prentice Road,98225
463,87073 Algoma Parkway,79326
464,04109 Oriole Alley,45274
465,1 Sundown Street,77341
466,71780 Holy Cross Avenue,72661
467,84416 Miller Crossing,59261
468,37 Green Trail,37802
469,15 Hoard Junction,50009
470,62 Merry Road,12240
471,29986 Troy Point,78762
472,26864 Spohn Court,59349
473,55104 High Crossing Hill,53585
474,32 Barby Point,52359
475,4 Victoria Alley,32853
476,67719 Duke Terrace,75431
477,64444 Cascade Center,28783
478,48 Lillian Avenue,06607
479,127 Vera Place,76823
480,75 Rutledge Park,98446
481,93 Morning Trail,49081
482,1 Packers Street,96686
483,70 Welch Pass,12737
484,7703 Aberg Parkway,62548
485,309 Heffernan Circle,48929
486,607 Union Junction,32209
487,008 Atwood Plaza,44436
488,5342 Lukken Park,38901
489,0 Chive Alley,33408
490,6 Katie Road,53066
491,981 Hallows Alley,56347
492,54 Dapin Street,97524
493,1 Buhler Plaza,30455
494,86 Warner Avenue,59313
495,3472 Lukken Lane,97817
496,65360 Shelley Court,92672
497,1169 Meadow Vale Avenue,80650
498,7461 Monument Trail,38112
499,6 Schurz Alley,95841
500,7294 Pond Pass,03822
501,789 Lunder Drive,31702
502,9707 Merry Terrace,91322
503,950 Glendale Street,76161
504,531 Loeprich Drive,54666
505,9466 Longview Point,70650
506,2 Graedel Lane,99667
507,80 Truax Place,71259
508,41 Sunbrook Parkway,71836
509,1683 Darwin Road,02747
510,59689 Montana Court,99703
511,14722 Buhler Center,49459
512,882 Gulseth Avenue,20218
513,07 Magdeline Plaza,27495
514,371 Crescent Oaks Alley,32831
515,07 Erie Lane,88062
516,9 Roth Trail,28026
517,95528 Warner Drive,20705
518,601 Main Alley,77345
519,7 8th Hill,02763
520,9716 Colorado Lane,52136
521,532 Messerschmidt Drive,95621
522,42 Green Drive,62339
523,7 Parkside Crossing,78674
524,9 Mcguire Hill,29656
525,8252 Mcguire Pass,36061
526,76 6th Point,33319
527,18067 Sutteridge Avenue,79329
528,2 Columbus Terrace,58733
529,1 Pearson Point,96092
530,2205 Portage Crossing,20431
531,53 Kenwood Street,92198
532,415 Milwaukee Way,75049
533,202 Everett Terrace,20854
534,9598 Bashford Junction,34982
535,1 Myrtle Lane,15558
536,275 Toban Drive,95122
537,2 Armistice Pass,57380
538,9 Hoepker Crossing,19312
539,2 Gerald Way,40464
540,17765 Linden Plaza,46251
541,03127 Transport Drive,57574
542,95725 Northridge Avenue,95416
543,12 Sommers Avenue,95563
544,035 Muir Alley,93516
545,07 Golf Parkway,77012
546,06922 Esch Place,76522
547,11 Kropf Trail,22222
548,167 Messerschmidt Court,47033
549,2 Upham Street,25169
550,99 Lake View Junction,71462
551,95 Brickson Park Park,93105
552,89 Dahle Court,12861
553,09665 Morningstar Plaza,19550
554,7 Columbus Point,97462
555,88499 Daystar Parkway,21710
556,5 Fair Oaks Center,12460
557,0 Amoth Avenue,59733
558,42928 Havey Place,49248
559,68 Dexter Parkway,51564
560,8 Sloan Alley,27968
561,27 Jay Way,11965
562,1 Warner Drive,94309
563,543 Moose Point,73117
564,29360 Dayton Road,24147
565,7340 Linden Drive,17545
566,3 4th Road,14081
567,53824 Porter Trail,41139
568,81395 Warrior Alley,20350
569,866 Longview Park,25722
570,8376 Harper Parkway,54873
571,81181 Milwaukee Junction,91118
572,0245 American Hill,88573
573,04 Village Green Parkway,37419
574,8 Brickson Park Park,05657
575,70 Prairieview Hill,60694
576,25145 Maple Way,98938
577,605 Larry Hill,48722
578,989 Dottie Pass,91390
579,42190 Superior Place,04495
580,08 Derek Terrace,58402
581,472 Sycamore Alley,42078
582,5 Roxbury Park,28804
583,4616 Grim Court,17583
584,5 Sutteridge Lane,84038
585,21244 Buena Vista Way,87592
586,2688 Talisman Center,88571
587,94694 Green Way,65682
588,653 International Point,57264
589,161 Arrowood Court,56039
590,9 7th Point,87047
591,5663 Mosinee Road,15696
592,8742 Express Avenue,58352
593,66176 Petterle Crossing,22406
594,466 School Crossing,05466
595,58852 Anthes Park,33050
596,2359 Reindahl Terrace,05731
597,416 Moose Street,05487
598,3531 Helena Pass,58428
599,9 Eagan Center,53207
600,527 Rockefeller Street,17313
601,6381 Brentwood Way,98220
602,78 Arizona Pass,02228
603,17 Marquette Road,77533
604,38 Declaration Alley,50042
605,95697 Sheridan Street,16686
606,1 Boyd Hill,62675
607,82 Tennyson Alley,60180
608,38328 Hanson Point,72119
609,624 Everett Point,47374
610,6 Sutherland Circle,35131
611,21882 Artisan Hill,63160
612,222 Lunder Center,10535
613,81 Sherman Center,69148
614,9 Butterfield Crossing,14621
615,243 Center Court,11535
616,016 Bultman Avenue,70752
617,794 Crescent Oaks Drive,38730
618,18 Village Circle,48021
619,37 Paget Park,11959
620,3046 West Trail,84035
621,9 Starling Alley,85738
622,89524 6th Pass,05746
623,872 Esch Parkway,99720
624,3343 Homewood Point,89116
625,02 American Trail,64445
626,25 Sunbrook Street,75574
627,24 Corscot Street,56516
628,912 Aberg Way,43311
629,651 Valley Edge Parkway,89178
630,316 Stang Hill,17821
631,562 Ridge Oak Parkway,57363
632,6 Melby Center,46971
633,912 Mockingbird Plaza,70128
634,348 Corscot Avenue,77021
635,2742 Hovde Way,88426
636,6485 Petterle Terrace,24221
637,858 Warrior Way,95212
638,3319 Lillian Road,25503
639,5 Colorado Point,17066
640,55 Caliangt Place,90301
641,2846 Menomonie Court,42133
642,824 Talisman Court,42049
643,922 Pepper Wood Parkway,97720
644,44 Acker Terrace,59456
645,68 Holmberg Road,62021
646,3460 Manufacturers Drive,46961
647,01389 Charing Cross Street,28362
648,2273 Darwin Pass,82609
649,82871 Waubesa Place,84763
650,61434 Rutledge Plaza,19420
651,6526 Cambridge Park,16248
652,41108 Westerfield Plaza,97290
653,4 Lake View Point,01876
654,86 Hintze Park,76652
655,7403 Maple Wood Avenue,95321
656,0529 Blaine Center,26339
657,7798 Sycamore Place,36675
658,565 Hermina Street,08234
659,9980 New Castle Center,33234
660,3901 Fairview Pass,92650
661,750 David Way,77224
662,81522 Cordelia Junction,38358
663,8335 Park Meadow Alley,18949
664,410 Lakewood Center,45469
665,7 Longview Avenue,17701
666,226 Evergreen Pass,22711
667,2 Shelley Terrace,44040
668,562 Lukken Place,13123
669,6732 Waywood Lane,50543
670,1 Talmadge Trail,45601
671,28 Pawling Road,57270
672,64 Eagan Street,46013
673,3 4th Pass,13665
674,8 Doe Crossing Hill,59273
675,7542 Dunning Junction,87113
676,1455 Dovetail Circle,80023
677,99 Sachs Trail,00906
678,83456 Amoth Junction,31792
679,43099 Del Mar Street,13037
680,6 Clemons Court,44848
681,7389 Bultman Circle,50664
682,5947 Merry Pass,74058
683,4 Fieldstone Road,05653
684,60 Vidon Avenue,26555
685,651 Cody Terrace,90080
686,1039 Mayfield Place,19544
687,0 Graedel Drive,30519
688,2521 Elka Park,13794
689,7 Sugar Crossing,41566
690,430 Logan Avenue,52619
691,8655 Glacier Hill Hill,43717
692,42885 Mitchell Way,03082
693,52528 Summer Ridge Street,68833
694,8020 Bluestem Crossing,68197
695,74673 Bunting Hill,69131
696,7773 South Place,00674
697,92735 Pawling Drive,15535
698,263 Alpine Street,60061
699,38082 Corry Road,73455
700,887 Hintze Parkway,30549
701,4 Hayes Lane,21652
702,0 Grim Crossing,95736
703,5 Redwing Circle,49635
704,30 Fairfield Street,03110
705,59 Sauthoff Junction,56748
706,7 Hudson Road,06107
707,41 Sugar Plaza,24059
708,5252 Rigney Drive,68629
709,558 Summerview Terrace,81033
710,6482 Memorial Street,72443
711,89 Eliot Park,52064
712,98 Mallory Parkway,44265
713,3 Farwell Parkway,99692
714,7 Vernon Road,77978
715,1658 Onsgard Point,82602
716,011 Independence Drive,04628
717,417 Delladonna Trail,08666
718,28 Gerald Junction,48238
719,3028 Gina Plaza,69138
720,70 Waubesa Hill,78350
721,1967 Harper Lane,25965
722,88808 Veith Street,55031
723,07498 Carioca Road,90624
724,03 Bluejay Pass,44890
725,17944 Stephen Drive,44121
726,86643 Eagan Circle,72180
727,65340 Southridge Terrace,43609
728,5031 Washington Plaza,75087
729,93 Longview Parkway,61539
730,971 Bobwhite Crossing,47341
731,9 Schurz Drive,96023
732,06 Scott Park,99258
733,215 Stuart Hill,77279
734,95 Kropf Avenue,00660
735,57 Westerfield Pass,42159
736,00978 Wayridge Point,42041
737,3976 Prairieview Plaza,16142
738,3 Gulseth Parkway,74033
739,398 Browning Point,11368
740,28005 Forest Run Road,88436
741,2031 Harper Park,78218
742,82986 Hooker Park,21784
743,1571 Talmadge Plaza,94506
744,5 Dwight Terrace,79789
745,091 Steensland Alley,16215
746,740 Chinook Circle,60480
747,46455 Twin Pines Trail,02324
748,26 Pennsylvania Crossing,93421
749,8 Tomscot Terrace,17508
750,44 Cottonwood Drive,19015
751,3 Ramsey Lane,41160
752,588 Hayes Point,06759
753,86 Fairfield Hill,16639
754,34777 Sullivan Lane,42051
755,1 Arkansas Center,22207
756,71153 Ridge Oak Park,78664
757,67 Sundown Terrace,78614
758,699 Lakewood Gardens Court,48705
759,71633 Vahlen Park,33029
760,23 Duke Drive,29457
761,5459 Hudson Point,67207
762,941 Russell Crossing,92864
763,0 Dottie Junction,18052
764,73068 4th Court,04637
765,2218 Transport Crossing,17057
766,75 Village Green Alley,95227
767,2 Golden Leaf Road,15110
768,412 Saint Paul Center,50242
769,88630 Surrey Park,85082
770,84 Duke Trail,55971
771,14 Rieder Terrace,40348
772,3 Mayfield Avenue,90001
773,10 Fairfield Place,85099
774,7956 Goodland Drive,08083
775,9 Hansons Court,27285
776,667 Pennsylvania Terrace,26362
777,50 Cherokee Street,17837
778,05 Fieldstone Center,16372
779,57581 Farragut Way,99111
780,0 Debra Drive,80621
781,42 Florence Junction,10992
782,67 Weeping Birch Alley,85210
783,55 Di Loreto Alley,57237
784,037 Golf Course Terrace,46767
785,75 Arizona Terrace,56713
786,881 Forest Avenue,31630
787,89689 Nevada Lane,31012
788,9 Grasskamp Park,29821
789,5 Laurel Trail,90403
790,01 6th Way,55745
791,18 Holy Cross Parkway,98404
792,472 Bowman Park,45068
793,901 Westerfield Lane,94015
794,75967 Meadow Ridge Center,48096
795,6494 Scoville Crossing,92251
796,63217 Dexter Court,27586
797,36386 Lakewood Hill,68316
798,3 Melvin Road,46206
799,3 Parkside Court,49272
800,3777 Fairfield Trail,88123
801,6719 Esch Court,70653
802,5 Burning Wood Way,12252
803,959 Meadow Vale Center,29407
804,93395 Sugar Road,35482
805,0 Stang Plaza,79706
806,545 Pennsylvania Center,14724
807,2450 Trailsway Drive,64120
808,8777 Graceland Street,84341
809,7 Di Loreto Plaza,54749
810,568 Florence Avenue,52760
811,07107 Judy Plaza,50155
812,73 South Way,07765
813,6765 Warbler Road,37330
814,7068 Summit Parkway,14854
815,1354 Talmadge Circle,02347
816,084 Crownhardt Crossing,48089
817,9 Sage Hill,29319
818,89 John Wall Road,19079
819,29286 Buena Vista Park,20050
820,687 Aberg Crossing,28661
821,14 Roth Parkway,91496
822,777 New Castle Hill,65890
823,5607 Arrowood Circle,92136
824,66 Sachtjen Junction,17072
825,8 Vidon Junction,56742
826,0954 Graedel Way,92843
827,5933 Menomonie Street,55424
828,01 Thierer Center,47408
829,092 Redwing Circle,28692
830,94994 Lakeland Center,47429
831,7 Sugar Pass,57660
832,13 Stone Corner Pass,93130
833,6 Lyons Center,68428
834,4 Pleasure Crossing,98291
835,872 Nova Avenue,45065
836,35798 Ilene Road,65046
837,6 Chinook Road,03220
838,7 Oakridge Alley,04971
839,16 Moulton Court,26804
840,284 Starling Circle,97427
841,741 Russell Road,32463
842,1610 Dryden Circle,27957
843,71836 3rd Street,92508
844,08 Maryland Hill,50310
845,4273 Arizona Terrace,95014
846,3 Melvin Lane,13426
847,1616 Brentwood Center,13630
848,9252 Old Gate Street,28518
849,327 Cardinal Road,66097
850,119 Gina Point,71018
851,1455 Marcy Lane,94291
852,338 Carpenter Avenue,28730
853,1 Chinook Point,42742
854,9540 Carpenter Parkway,47905
855,75 Bluejay Avenue,83355
856,87198 Riverside Avenue,70452
857,0108 Randy Plaza,75401
858,56 Golf Course Terrace,60969
859,401 Pawling Trail,11935
860,08 Lakeland Pass,57110
861,6837 Del Sol Lane,15102
862,807 Manitowish Trail,94602
863,59 Merrick Circle,33146
864,782 Bellgrove Point,44705
865,250 Lyons Center,48178
866,83312 Springs Terrace,21409
867,06994 Clove Road,18085
868,5432 Butterfield Point,90056
869,1 Claremont Avenue,14760
870,4435 Laurel Crossing,03749
871,95072 Schlimgen Point,08316
872,52862 Service Avenue,46857
873,1053 Heath Place,12551
874,2679 Forster Street,85172
875,648 Paget Terrace,08361
876,056 Gerald Point,00676
877,11 Fuller Court,38132
878,550 Spohn Crossing,91963
879,4 Anzinger Plaza,31787
880,090 Harbort Place,22036
881,782 Farragut Avenue,08740
882,62 Hallows Pass,05069
883,59 Pennsylvania Avenue,28579
884,44075 Utah Parkway,10157
885,2 Fremont Point,76435
886,3 Logan Trail,33882
887,47888 Grim Point,58204
888,11711 Anderson Crossing,57238
889,037 Weeping Birch Center,78501
890,0126 Buell Pass,84539
891,9 Artisan Pass,70118
892,3 Briar Crest Alley,17363
893,17910 Kim Trail,20453
894,445 Ludington Pass,05664
895,32 Maple Pass,33938
896,42 Mandrake Point,63454
897,91379 Holy Cross Court,54654
898,555 Nobel Park,32644
899,7 Manitowish Court,96789
900,76544 Shasta Circle,99684
901,069 Lake View Hill,97101
902,1 Forest Run Terrace,93116
903,57143 Kedzie Center,76058
904,05712 Porter Point,66414
905,4 Manitowish Center,67663
906,10 Shelley Parkway,18211
907,2442 Pearson Terrace,77422
908,1 Forest Circle,38649
909,65488 Briar Crest Alley,02864
910,830 Dorton Alley,46745
911,33 Nancy Circle,47151
912,62559 Hauk Plaza,37149
913,05804 Pleasure Park,84752
914,9 Schurz Junction,85190
915,71 Union Court,77468
916,6321 Kipling Place,18446
917,94993 Donald Court,62996
918,567 Canary Lane,79763
919,10143 Homewood Street,07543
920,1338 Jenna Way,45417
921,49494 Butternut Terrace,02180
922,020 Utah Pass,53075
923,08533 Fieldstone Road,29430
924,6 Hoard Crossing,60964
925,59133 Spaight Circle,35545
926,445 Canary Parkway,62906
927,2 Towne Plaza,95242
928,933 Veith Road,16669
929,3556 Farwell Road,44633
930,53079 Coolidge Plaza,99123
931,3 Gina Park,87184
932,8488 Hagan Alley,68305
933,81 Onsgard Pass,28130
934,7585 Garrison Street,21051
935,7 Towne Parkway,72555
936,868 Express Place,71461
937,00 Arapahoe Junction,33321
938,2 Village Green Parkway,42367
939,1915 Russell Court,93043
940,9790 Pepper Wood Junction,95237
941,62 Crescent Oaks Place,01029
942,11665 Hoepker Hill,27983
943,15 Prairie Rose Street,20148
944,32727 Clarendon Terrace,92052
945,690 Delladonna Lane,79012
946,434 Blackbird Circle,43434
947,009 Lindbergh Street,72114
948,2 Ilene Hill,33661
949,97258 Prairieview Terrace,94116
950,0949 Packers Junction,19185
951,45900 Forest Dale Plaza,25676
952,1 Summerview Court,99170
953,2517 Anniversary Pass,78569
954,65683 Hoffman Court,16634
955,66481 Stone Corner Junction,47106
956,4 Toban Way,85235
957,490 Boyd Parkway,67735
958,846 Anderson Trail,71962
959,28256 Old Shore Road,43926
960,05807 Katie Court,21087
961,55 Sunbrook Way,96849
962,33881 Kennedy Place,60014
963,2 3rd Lane,33283
964,27 Morrow Terrace,18413
965,36 Bayside Street,14504
966,08 Delaware Avenue,04624
967,55 Kennedy Trail,91607
968,997 Stoughton Drive,02631
969,62 Logan Road,72007
970,6990 Arapahoe Drive,02210
971,1820 Anderson Crossing,99564
972,3409 Maple Wood Trail,48336
973,21640 Laurel Plaza,14083
974,2034 Corscot Circle,78223
975,85673 Fisk Junction,08865
976,0 Hollow Ridge Parkway,43082
977,34321 Merchant Alley,36003
978,32 Westerfield Center,49628
979,47558 Pearson Drive,73546
980,4516 Lunder Junction,85328
981,51188 Bay Junction,40129
982,31 Redwing Park,24237
983,27 Bowman Parkway,70788
984,982 Norway Maple Avenue,27557
985,331 Banding Terrace,75782
986,7 Northview Drive,08041
987,4 Melby Point,55702
988,0318 Trailsway Plaza,62531
989,8 Maywood Way,65769
990,62790 Upham Park,32056
991,6 Reindahl Point,99723
992,73 Hagan Park,93586
993,518 Lukken Plaza,12567
994,2338 Charing Cross Center,17247
995,9019 Buell Center,71294
996,83015 Almo Plaza,35010
997,495 7th Parkway,39061
998,6 Reindahl Point,81656
999,42 Sage Hill,62019
1000,45 Armistice Crossing,53942
